gene,cluster
A1BG,1
A1BG-AS1,4
A4GALT,3
AADAT,5
AAMDC,1
AAMP,0
AAR2,4
AARD,1
AARS1,0
AASDH,5
AASDHPPT,5
AASS,4
AATBC,4
AATK,0
ABAT,4
ABCA1,1
ABCA11P,5
ABCA2,2
ABCA3,2
ABCA5,0
ABCA7,5
ABCB1,0
ABCB10,0
ABCB6,0
ABCB8,4
ABCB9,2
ABCC1,2
ABCC2,5
ABCC4,0
ABCC8,1
ABCD1,0
ABCD3,0
ABCE1,5
ABCG1,1
ABCG2,1
ABCG4,3
ABHD11,0
ABHD12,2
ABHD13,5
ABHD14A,4
ABHD14B,0
ABHD16B,1
ABHD17A,0
ABHD17B,5
ABHD17C,0
ABHD18,5
ABHD3,4
ABHD4,0
ABHD5,5
ABHD6,4
ABHD8,4
ABI2,0
ABITRAM,5
ABL2,4
ABLIM2,5
ABLIM3,0
ABRACL,5
ABRAXAS1,1
ABRAXAS2,5
ABT1,0
ABTB1,4
ABTB2,0
ABTB3,2
ACAA2,0
ACACA,3
ACAD10,4
ACAD11,3
ACAD9,0
ACADL,0
ACADM,5
ACADS,0
ACADSB,4
ACADVL,3
ACAP3,4
ACAT2,0
ACBD3,0
ACBD4,4
ACCS,1
ACD,4
ACE,4
ACER2,4
ACLY,0
ACO1,0
ACO2,0
ACOT1,4
ACOT11,4
ACOT13,5
ACOT2,1
ACOT7,4
ACOX3,4
ACOXL,4
ACP1,2
ACP2,5
ACSL3,2
ACSL6,0
ACSM3,4
ACSS2,0
ACSS3,0
ACTA1,3
ACTA2,4
ACTG1,4
ACTG1P20,3
ACTG1P25,3
ACTL8,4
ACTMAP,4
ACTN1,0
ACTN2,5
ACTN4,0
ACTR10,5
ACTR1B,0
ACTR2,4
ACTR3,4
ACTR3C,4
ACTR5,3
ACTR6,5
ACTR8,5
ACTRT3,3
ACVR1,0
ACVR1C,1
ACVR2A,5
ACVR2B-AS1,4
ACYP1,5
ADAM11,0
ADAM15,0
ADAM19,2
ADAM1A,1
ADAM22,0
ADAM23,2
ADAM8,5
ADAM9,0
ADAMTS1,5
ADAMTS10,1
ADAMTS13,1
ADAMTS15,0
ADAMTS17,0
ADAMTS19,0
ADAMTS2,2
ADAMTS3,4
ADAMTS5,3
ADAMTS6,5
ADAMTS7,3
ADAMTSL4,4
ADAMTSL5,4
ADAP1,0
ADAP2,2
ADAR,2
ADAT1,0
ADAT2,5
ADAT3,0
ADCK5,4
ADCY10P1,5
ADCY3,2
ADCY5,4
ADCY6,0
ADCY7,0
ADD2,0
ADGRA2,0
ADGRB1,1
ADGRB2,0
ADGRB3,2
ADGRE5,0
ADGRG2,0
ADGRG6,0
ADGRL1,0
ADGRL1-AS1,5
ADGRL3,4
ADH5,0
ADI1,4
ADIPOR2,4
ADISSP,4
ADM,5
ADM5,4
ADNP,4
ADNP-AS1,3
ADNP2,5
ADO,5
ADORA1,2
ADORA2B,5
ADPGK,2
ADPRH,3
ADPRHL1,4
ADPRM,1
ADPRS,5
ADRA2C,0
ADRB2,5
ADRM1,0
ADSS1,0
ADSS2,5
AEN,5
AFAP1,0
AFAP1L1,0
AFAP1L2,1
AFDN-DT,1
AFF1,0
AFF1-AS1,4
AFF2,0
AFF3,0
AFF4,0
AFG1L,4
AFG2B,5
AFG3L1P,5
AFMID,5
AFTPH,5
AGA,4
AGAP2,1
AGAP4,5
AGAP5,3
AGAP6,5
AGAP7P,3
AGAP9,5
AGBL3,4
AGBL5,0
AGFG1,4
AGFG2,4
AGGF1,0
AGK,1
AGL,2
AGMAT,1
AGO2,0
AGPAT2,0
AGPAT3,0
AGPAT4,4
AGPAT5,2
AGPS,0
AGRN,2
AGTPBP1,4
AGTR1,1
AGTRAP,0
AHCTF1P1,4
AHCY,4
AHCYL2,0
AHDC1,1
AHI1,0
AHNAK,0
AHNAK2,1
AHRR,4
AHSA1,5
AHSA2P,3
AIF1L,0
AIFM2,1
AIMP2,5
AIRIM,5
AJM1,3
AJUBA,5
AK1,4
AK3,4
AK5,3
AK8,4
AK9,1
AKAP1,2
AKAP10,5
AKAP11,4
AKAP12,0
AKAP3,5
AKAP5,4
AKAP8,5
AKAP8L,5
AKAP9,4
AKIRIN1,5
AKIRIN2,4
AKNA,1
AKR1A1,5
AKR7A2,0
AKT1,0
AKTIP,5
ALAS1,5
ALDH16A1,4
ALDH1A1,3
ALDH1A2,0
ALDH1A3,1
ALDH1L2,3
ALDH2,0
ALDH3A1,5
ALDH3A2,0
ALDH3B1,3
ALDH4A1,0
ALDH5A1,0
ALDH8A1,4
ALDOA,2
ALDOC,2
ALG1,0
ALG10,5
ALG10B,5
ALG11,4
ALG14,5
ALG2,3
ALG5,5
ALKAL1,1
ALKBH1,3
ALKBH2,5
ALKBH3,1
ALKBH4,0
ALKBH6,4
ALKBH7,2
ALKBH8,5
ALOX12,1
ALPK1,4
ALPK3,0
ALPL,4
ALS2CL,4
ALX1,5
ALX3,1
ALX4,0
ALYREF,0
AMACR,1
AMBN,1
AMBRA1,3
AMDHD2,5
AMFR,0
AMH,4
AMIGO1,5
AMIGO2,3
AMIGO3,3
AMMECR1L,4
AMN1,4
AMOT,0
AMOTL1,0
AMOTL2,5
AMPH,0
AMT,5
AMY2B,5
AMZ2P1,5
ANAPC1,0
ANAPC10,5
ANAPC11,0
ANAPC13,5
ANAPC15,1
ANAPC16,5
ANAPC1P4,1
ANAPC2,4
ANAPC5,2
ANG,3
ANGPT1,5
ANK1,0
ANK2,0
ANK3,0
ANKAR,3
ANKDD1A,1
ANKEF1,4
ANKH,0
ANKHD1,4
ANKIB1,5
ANKLE1,1
ANKMY1,1
ANKRA2,5
ANKRD12,5
ANKRD13B,0
ANKRD13C,5
ANKRD13C-DT,5
ANKRD16,1
ANKRD18A,5
ANKRD18B,4
ANKRD19P,5
ANKRD20A5P,3
ANKRD23,5
ANKRD24,0
ANKRD27,0
ANKRD29,1
ANKRD31,4
ANKRD33B,4
ANKRD34A,4
ANKRD34B,4
ANKRD36,3
ANKRD36B,5
ANKRD36BP1,4
ANKRD36C,5
ANKRD39,5
ANKRD40,5
ANKRD44,5
ANKRD49,5
ANKRD52,0
ANKRD6,0
ANKRD61,1
ANKRD63,3
ANKRD9,0
ANKS1A,0
ANKS1B,1
ANKS3,5
ANKS6,0
ANKZF1,5
ANO4,0
ANO5,1
ANO6,0
ANO7,4
ANO8,3
ANP32AP1,1
ANP32CP,1
ANTKMT,4
ANTXR1,2
ANXA1,1
ANXA11,4
ANXA2,4
ANXA2R,3
ANXA2R-OT1,5
ANXA3,1
ANXA4,5
ANXA6,0
ANXA9,4
AOC2,5
AOC3,3
AOPEP,5
AP1AR,5
AP1B1,0
AP1G2,5
AP1G2-AS1,3
AP1S1,0
AP1S2,0
AP2A1,0
AP2A2,2
AP2B1,0
AP2M1,2
AP2S1,4
AP3B2,1
AP3D1,0
AP3M2,4
AP4B1,4
AP4E1,4
AP4S1,5
AP5B1,5
AP5S1,5
AP5Z1,4
APAF1,0
APBA2,0
APBA3,5
APBB3,1
APC,4
APC2,0
APCDD1,4
APEH,0
APEX1,5
APH1A,0
APH1B,5
APLF,1
APLN,1
APLP1,0
APLP2,0
APMAP,2
APOBEC3B,1
APOBEC3C,1
APOBEC3D,3
APOBEC3F,3
APOC1,5
APOE,1
APOL2,5
APOLD1,5
APP,2
APPBP2,5
APRT,4
APTR,5
APTX,0
AQP11,1
AQP3,3
AR,0
ARAP1,0
ARAP2,1
ARAP3,3
ARC,5
ARCN1,4
ARF1,0
ARF4,3
ARFGAP1,3
ARFGAP2,0
ARFGAP3,3
ARFGEF1,0
ARFGEF2,4
ARFGEF3,3
ARFIP1,0
ARFRP1,0
ARGLU1,5
ARHGAP1,0
ARHGAP11A,1
ARHGAP12,5
ARHGAP17,5
ARHGAP18,4
ARHGAP20,1
ARHGAP22,0
ARHGAP24,5
ARHGAP27P1,4
ARHGAP28,0
ARHGAP31,0
ARHGAP32,0
ARHGAP33,0
ARHGAP39,0
ARHGAP42,0
ARHGAP44,1
ARHGAP45,4
ARHGAP5-AS1,1
ARHGDIA,4
ARHGDIG,1
ARHGEF10L,0
ARHGEF11,0
ARHGEF12,0
ARHGEF16,0
ARHGEF17,1
ARHGEF19,1
ARHGEF25,0
ARHGEF28,1
ARHGEF37,4
ARHGEF4,0
ARHGEF40,0
ARHGEF6,0
ARHGEF9,0
ARID1A,0
ARID1B,0
ARID2,5
ARID3A,0
ARID4A,5
ARID4B,5
ARID5A,4
ARID5B,4
ARIH1,0
ARIH2OS,3
ARK2C,1
ARK2N,4
ARL1,5
ARL13B,5
ARL14EP,5
ARL17A,1
ARL17B,3
ARL2,0
ARL4A,5
ARL4C,5
ARL4D,5
ARL5B,0
ARL6IP4,0
ARL6IP6,5
ARL8A,4
ARMC2,3
ARMC5,4
ARMC6,0
ARMC7,5
ARMC8,5
ARMCX2,3
ARMCX3,3
ARMCX4,0
ARMCX5,5
ARMCX5-GPRASP2,1
ARMCX6,5
ARMH4,2
ARNT2,0
ARPC1A,0
ARPC1B,4
ARPC3,5
ARPC5L,5
ARPP19,5
ARRDC1,0
ARRDC1-AS1,4
ARRDC2,5
ARRDC3,5
ARRDC3-AS1,4
ARRDC4,4
ARSA,3
ARSB,0
ARSG,3
ARSJ,1
ART5,3
ARVCF,0
ASAH1,2
ASAH2,1
ASAH2B,5
ASAP3,2
ASB1,5
ASB13,1
ASB16,4
ASB3,3
ASB6,5
ASB8,5
ASCC1,5
ASCC3,4
ASF1A,5
ASH1L,4
ASH1L-AS1,4
ASIC1,0
ASIC3,1
ASL,4
ASNS,4
ASPH,0
ASPHD1,1
ASPHD2,3
ASPM,0
ASPRV1,3
ASPSCR1,4
ASRGL1,2
ASS1,4
ASTE1,5
ASTN2,4
ASXL3,0
ATAD1,5
ATAD2B,0
ATAD3A,4
ATF1,5
ATF2,5
ATF3,5
ATF4,0
ATF5,0
ATF7,4
ATF7IP2,5
ATG10,3
ATG101,5
ATG12,5
ATG13,4
ATG14,5
ATG16L1,5
ATG16L2,5
ATG2A,0
ATG2B,0
ATG4D,4
ATG9A,0
ATL1,1
ATL2,5
ATM,4
ATMIN,0
ATN1,0
ATOSA,3
ATOSB,1
ATOX1,4
ATP11A,0
ATP11B,0
ATP11C,0
ATP13A1,4
ATP13A2,0
ATP13A3,0
ATP1A1,0
ATP1A1-AS1,5
ATP1A3,2
ATP1B1,5
ATP1B2,0
ATP2A1,5
ATP2A1-AS1,4
ATP2A2,0
ATP2A3,0
ATP2B1,4
ATP2B4,2
ATP2C1,0
ATP5F1A,4
ATP5F1D,0
ATP5F1E,1
ATP5F1EP2,1
ATP5IF1,4
ATP5MC1,5
ATP5MC2,0
ATP5ME,5
ATP5MF,5
ATP5MG,1
ATP5MJ,5
ATP5MK,1
ATP5PD,5
ATP5PF,5
ATP6AP1,2
ATP6AP1L,4
ATP6V0A2,0
ATP6V0C,2
ATP6V0D1,5
ATP6V0E2-AS1,1
ATP6V1B1,4
ATP6V1B1-AS1,5
ATP6V1B2,5
ATP6V1C2,3
ATP6V1D,0
ATP6V1E2,0
ATP6V1F,4
ATP7A,0
ATP7B,0
ATP8A1,4
ATP8B1,4
ATP8B1-AS1,4
ATP8B2,0
ATP9A,2
ATPAF1,0
ATPAF2,0
ATPSCKMT,5
ATRIP,5
ATRN,2
ATRNL1,1
ATRX,4
ATXN1,1
ATXN1-AS1,0
ATXN1L,5
ATXN2,5
ATXN3,4
ATXN7,5
ATXN7L1,5
ATXN7L2,5
AUNIP,5
AURKAIP1,2
AURKAP1,1
AURKB,5
AUTS2,5
AVPI1,5
AXIN1,0
AXIN2,1
AZI2,5
AZIN2,2
B2M,4
B3GALT1,4
B3GALT6,5
B3GALT9,1
B3GAT3,5
B3GNT2,5
B3GNT4,4
B3GNT5,5
B3GNT9,4
B4GALNT1,3
B4GALNT3,4
B4GALNT4,0
B4GALT4,5
B4GALT6,2
B4GALT7,4
B4GAT1,1
B9D1,5
B9D2,5
BABAM1,2
BACE2,0
BACH1,5
BAD,0
BAG1,0
BAG2,5
BAG5,5
BAHCC1,0
BAHD1,0
BAIAP2,4
BAIAP2L1,0
BAIAP2L2,3
BAIAP3,4
BAK1,4
BAMBI,5
BANF1,5
BANP,4
BAP1,0
BARD1,5
BARHL2,4
BARX1,2
BASP1,0
BATF3,2
BAX,5
BAZ1B,0
BAZ2A,0
BAZ2B,4
BBC3,1
BBIP1,4
BBLN,1
BBOX1-AS1,4
BBS1,0
BBS10,3
BBS12,5
BBS5,5
BBS9,4
BBX,4
BCAM,2
BCAP31,4
BCAR1,0
BCAR3,1
BCAS2,5
BCAS3,0
BCAS4,1
BCAT1,0
BCCIP,0
BCDIN3D,5
BCDIN3D-AS1,1
BCHE,1
BCKDHB,4
BCKDK,0
BCL10,5
BCL11A,3
BCL11B,1
BCL2L11,5
BCL2L12,5
BCL2L13,0
BCL2L2,4
BCL3,3
BCL6,1
BCL6B,5
BCL7A,0
BCL7C,4
BCL9,4
BCL9L,4
BCLAF3,1
BCOR,4
BCORL1,0
BCR,0
BCRP2,4
BCYRN1,5
BDH2,5
BECN1,0
BEND3,5
BEND3P3,3
BEND4,0
BEND5,5
BEND6,1
BET1,3
BET1L,3
BEX1,0
BEX2,2
BEX4,5
BEX5,3
BFSP1,1
BHLHE40,0
BHLHE41,3
BICC1,4
BICDL1,4
BICDL2,5
BICRA,1
BICRAL,5
BID,2
BIN1,0
BIN3,0
BIRC2,4
BIRC6,0
BIVM,4
BLOC1S1,2
BLOC1S2,5
BLOC1S3,4
BLOC1S4,5
BLTP1,4
BLTP2,0
BLTP3A,0
BLTP3B,4
BLVRA,5
BLVRB,5
BLZF1,4
BMAL1,1
BMF,3
BMI1,4
BMP1,4
BMP2,1
BMP2K,1
BMP4,4
BMP6,2
BMP7,4
BMP8A,1
BMP8B,0
BMPER,4
BMPR1B,1
BMPR2,0
BMS1P1,3
BMS1P2,3
BMS1P20,5
BMS1P4,3
BNC1,5
BNC2,4
BNIP1,5
BNIP2,5
BNIP3,0
BNIPL,3
BOD1,5
BOD1L1,0
BOK,4
BOLA1,5
BOLA2,0
BOLA3,1
BOLA3-DT,3
BOP1,0
BORA,5
BORCS5,5
BORCS6,4
BORCS7,5
BORCS8,2
BPGM,5
BPNT1,0
BPTF,0
BRAF,4
BRAP,5
BRAT1,0
BRD1,4
BRD2,4
BRD3,0
BRD8,5
BRD9,4
BRF1,0
BRF2,5
BRI3,4
BRI3BP,2
BRICD5,4
BRINP3-DT,4
BRIP1,4
BRIX1,5
BRME1,1
BRMS1L,5
BRPF1,5
BRPF3,4
BRSK1,5
BRWD1,5
BRWD3,4
BSDC1,4
BSG,4
BSN,4
BTAF1,3
BTBD1,2
BTBD10,5
BTBD2,0
BTBD6,0
BTBD8,1
BTBD9,0
BTF3L4,5
BTG2,5
BTG3,5
BTN2A2,5
BTN2A3P,1
BTN3A1,4
BTN3A2,4
BTN3A3,4
BTNL9,1
BUB3,5
BUD13,5
BUD23,0
BUD31,0
BYSL,1
C10orf143,1
C10orf88B,3
C10orf95,1
C11orf68,5
C11orf71,1
C11orf96,4
C12orf43,4
C12orf57,5
C12orf60,5
C12orf75,0
C12orf76,5
C14orf119,5
C14orf132,1
C14orf93,5
C15orf39,4
C15orf40,1
C15orf61,5
C15orf62,1
C16orf46,3
C16orf74,2
C16orf87,5
C16orf95,0
C17orf100,3
C17orf58,4
C17orf67,1
C19orf25,2
C19orf38,5
C19orf44,4
C19orf47,0
C19orf48P,5
C19orf73,4
C19orf81,5
C1D,5
C1GALT1C1L,3
C1QL1,1
C1QL4,1
C1QTNF1,0
C1QTNF6,3
C1R,4
C1orf115,0
C1orf122,0
C1orf174,5
C1orf198,0
C1orf216,0
C1orf220,1
C1orf35,5
C1orf50,3
C1orf52,5
C1orf54,1
C1orf56,4
C1orf74,1
C20orf204,5
C20orf96,3
C21orf58,4
C21orf91,5
C22orf23,2
C22orf46P,4
C2CD2L,3
C2CD4C,3
C2orf15,4
C2orf42,5
C2orf49,5
C2orf49-DT,3
C2orf68,0
C2orf69,1
C2orf74,5
C2orf74-DT,5
C2orf76,1
C2orf81,4
C2orf92,3
C3orf18,1
C3orf20,1
C3orf33,3
C3orf38,5
C3orf52,5
C3orf62,5
C3orf70,1
C3orf80,0
C4orf33,4
C5,5
C5orf24,5
C5orf34,5
C5orf63,3
C6orf120,1
C6orf141,5
C6orf163,3
C6orf89,2
C7orf25,5
C8orf33,2
C8orf34,4
C8orf44,5
C8orf48,3
C8orf58,4
C8orf76,1
C8orf82,4
C8orf88,0
C9orf40,5
C9orf72,5
C9orf85,5
CA13,1
CA2,1
CA5B,4
CA8,4
CAAP1,5
CAB39L,4
CABIN1,0
CABLES1,0
CABLES2,0
CABP1,2
CACFD1,0
CACNA1B,1
CACNA1C,2
CACNA1D,0
CACNA1G,1
CACNA1H,4
CACNA2D2,0
CACNA2D3,1
CACNB1,4
CACNB2,4
CACNB3,4
CACNB4,5
CACTIN,0
CACUL1,4
CACYBP,4
CADM1,4
CADM2,4
CADPS2,4
CALCOCO1,0
CALCRL,3
CALHM2,2
CALM2,5
CALM3,0
CALML4,4
CALR,2
CALU,5
CAMK1,4
CAMK2B,4
CAMK2N1,5
CAMK2N2,4
CAMK4,1
CAMKK1,4
CAMKMT,1
CAMLG,5
CAMSAP1,0
CAMSAP2,5
CAMSAP3,3
CAMTA1,0
CAND2,0
CANX,3
CAP1,0
CAP2,4
CAPG,2
CAPN1,0
CAPN10,4
CAPN10-DT,5
CAPN15,0
CAPN2,2
CAPN3,3
CAPN5,0
CAPN7,5
CAPNS1,0
CAPRIN2,5
CAPS,3
CAPS2,4
CAPZB,0
CARD14,3
CARD19,1
CARD6,0
CARD8-AS1,3
CARD9,1
CARF,1
CARM1,0
CARMIL2,0
CARMIL3,3
CARS1,0
CARS2,0
CASC2,5
CASD1,5
CASK,0
CASKIN1,4
CASKIN2,1
CASP2,5
CASP7,5
CASP8,4
CASP8AP2,5
CASP9,4
CAST,4
CASTOR1,0
CASTOR3P,1
CASZ1,4
CAT,4
CATSPER2,3
CATSPERE,1
CAV1,1
CAV2,1
CAVIN1,0
CAVIN4,1
CBARP,4
CBFA2T2,5
CBFB,0
CBL,0
CBLB,5
CBLL1,5
CBLN1,3
CBR3,4
CBR4,5
CBS,2
CBX4,5
CBX7,4
CBX8,5
CBY1,3
CC2D2A,0
CCBE1,4
CCDC102A,0
CCDC106,0
CCDC107,5
CCDC110,5
CCDC112,5
CCDC12,4
CCDC120,4
CCDC121,5
CCDC122,4
CCDC125,3
CCDC126,3
CCDC127,5
CCDC134,4
CCDC137,4
CCDC138,5
CCDC14,3
CCDC146,3
CCDC15,3
CCDC150,3
CCDC157,1
CCDC163,3
CCDC171,4
CCDC174,5
CCDC18,5
CCDC18-AS1,3
CCDC181,5
CCDC183-AS1,1
CCDC184,1
CCDC186,4
CCDC191,3
CCDC24,1
CCDC28A-AS1,3
CCDC28B,1
CCDC3,0
CCDC34,4
CCDC39,3
CCDC40,1
CCDC50,4
CCDC51,5
CCDC57,4
CCDC59,5
CCDC61,4
CCDC66,5
CCDC68,1
CCDC69,0
CCDC7,5
CCDC71,5
CCDC71L,5
CCDC74A,0
CCDC74B,4
CCDC78,5
CCDC80,4
CCDC82,5
CCDC85B,0
CCDC85C,0
CCDC87,4
CCDC88A,4
CCDC88B,1
CCDC88C,0
CCDC89,5
CCDC9,5
CCDC92,0
CCDC93,4
CCDC9B,3
CCHCR1,4
CCM2,0
CCN1,3
CCN2,3
CCNA2,5
CCNB1,5
CCNB1IP1,4
CCNB3,1
CCNC,5
CCND1,4
CCND2,0
CCNE2,5
CCNG1,2
CCNG2,4
CCNH,5
CCNI,0
CCNJL,0
CCNL1,5
CCNL2,5
CCNO,4
CCNQ,4
CCNT1,5
CCNT2,5
CCNT2-AS1,1
CCNY,0
CCNYL1,4
CCP110,4
CCPG1,5
CCS,1
CCSER1,5
CCSER2,4
CCT3,2
CCT6P1,1
CCT6P3,5
CCT8,0
CCZ1P-OR7E38P,4
CD101,4
CD109,2
CD151,0
CD164,5
CD19,3
CD207,4
CD24,4
CD27-AS1,3
CD276,0
CD2AP,5
CD2BP2,4
CD320,0
CD37,0
CD40,4
CD55,1
CD58,1
CD59,2
CD63,4
CD68,4
CD70,3
CD81,2
CD82,0
CD99L2,0
CDAN1,4
CDC123,5
CDC14A,5
CDC14B,0
CDC14C,0
CDC16,0
CDC20,5
CDC23,5
CDC25A,3
CDC25B,0
CDC25C,5
CDC26,5
CDC34,5
CDC37,4
CDC37L1,3
CDC40,5
CDC42BPB,0
CDC42BPG,1
CDC42EP1,4
CDC42EP2,4
CDC42EP3,5
CDC42SE2,5
CDC5L,4
CDC6,3
CDC7,5
CDC73,5
CDCA2,5
CDCA3,5
CDCA5,5
CDH1,0
CDH10,1
CDH12,4
CDH2,4
CDH23,2
CDH24,4
CDH26,3
CDH7,1
CDHR1,4
CDHR3,4
CDIP1,4
CDIPT,0
CDK1,5
CDK10,3
CDK11A,4
CDK11B,2
CDK14,0
CDK17,5
CDK18,4
CDK2,5
CDK20,3
CDK2AP1,4
CDK2AP2,3
CDK4,4
CDK5,0
CDK5R1,5
CDK5RAP1,1
CDK5RAP3,4
CDK6,0
CDK8,5
CDK9,5
CDKL1,1
CDKL2,1
CDKL3,3
CDKL5,1
CDKN1A,1
CDKN1B,5
CDKN2A,4
CDKN2AIP,5
CDKN2B,5
CDKN2B-AS1,4
CDKN2C,0
CDKN2D,4
CDKN3,5
CDO1,4
CDPF1,0
CDR1,1
CDR2,5
CDR2L,0
CDS2,0
CDT1,4
CDV3,4
CDYL,5
CDYL2,4
CEACAM19,3
CEBPA,1
CEBPA-DT,4
CEBPB,5
CEBPD,1
CEBPG,5
CEBPZ,5
CEL,5
CELF1,0
CELF2,0
CELF4,4
CELF5,3
CELSR1,2
CELSR2,2
CELSR3,1
CEMIP,1
CEMP1,1
CENATAC,3
CENPA,5
CENPB,4
CENPBD1P,5
CENPC,5
CENPE,4
CENPF,0
CENPK,4
CENPL,5
CENPN,5
CENPO,3
CENPP,0
CENPQ,5
CENPS,1
CENPT,0
CENPW,5
CENPX,0
CEP126,4
CEP131,4
CEP135,4
CEP15,3
CEP152,5
CEP162,5
CEP164,0
CEP170B,4
CEP295,5
CEP350,4
CEP41,5
CEP43,5
CEP44,5
CEP57,5
CEP57L1,5
CEP68,5
CEP70,4
CEP72,4
CEP78,0
CEP83-DT,5
CEP85,0
CEP85L,5
CEP95,5
CEP97,5
CERCAM,0
CERK,0
CERS1,1
CERS4,4
CERS5,5
CERS6,0
CERT1,5
CES3,5
CETN3,3
CFAP126,0
CFAP157,4
CFAP20,4
CFAP210,4
CFAP251,4
CFAP298,0
CFAP300,3
CFAP36,4
CFAP418,3
CFAP43,3
CFAP44,1
CFAP68,1
CFAP69,0
CFAP70,4
CFAP97,2
CFL1,0
CFLAR,4
CGNL1,0
CHAC1,2
CHAC2,5
CHAF1A,5
CHAF1B,5
CHAMP1,5
CHCHD1,1
CHCHD5,4
CHCHD6,4
CHCHD7,5
CHD1,5
CHD3,0
CHD4,0
CHD9,5
CHEK1,5
CHEK2,5
CHERP,0
CHIC1,5
CHIC2,5
CHKA,0
CHKB-DT,4
CHMP1A,0
CHMP2A,5
CHMP4C,1
CHMP5,5
CHMP6,4
CHN1,4
CHN2,1
CHODL,5
CHORDC1,4
CHORDC1P4,1
CHP1P2,3
CHPF,0
CHPF2,4
CHPT1,0
CHRD,1
CHRDL1,0
CHRM3,3
CHRNA10,3
CHRNA3,4
CHRNB1,3
CHROMR,4
CHST1,1
CHST10,2
CHST12,0
CHST14,1
CHST15,4
CHST2,1
CHST3,0
CHST6,4
CHST7,1
CHST8,1
CHST9,2
CHSY1,5
CHSY3,5
CHTF18,4
CHTF8,0
CHTOP,5
CHURC1,5
CIAO2A,5
CIAO2B,4
CIAO3,0
CIB1,4
CIB2,0
CIBAR1,5
CIDECP1,4
CILP2,2
CIMAP1B,3
CINP,5
CIPC,0
CIRBP-AS1,4
CISD1,0
CISD2,5
CISH,3
CITED1,4
CITED2,5
CITED4,1
CIZ1,0
CKAP2,0
CKAP2L,5
CKAP4,0
CKAP5,0
CKB,0
CKLF,1
CKMT1A,1
CKMT2-AS1,1
CKS1B,5
CKS2,5
CLASP1,0
CLASP2,0
CLBA1,3
CLCC1,3
CLCN3,0
CLCN6,1
CLCN7,0
CLDN1,4
CLDN12,5
CLDN15,3
CLDND1,5
CLEC11A,5
CLEC16A,0
CLEC2D,5
CLHC1,3
CLIC4,4
CLIP1,4
CLIP2,0
CLIP3,3
CLIP4,5
CLK1,5
CLK2P1,5
CLK4,5
CLMN,0
CLMP,1
CLN3,4
CLN5,5
CLN6,1
CLOCK,5
CLP1,4
CLPB,0
CLPP,0
CLPTM1,2
CLPTM1L,0
CLSPN,4
CLSTN1,0
CLSTN3,0
CLTB,4
CLTC,0
CLTCL1,0
CLTRN,4
CLU,4
CLUAP1,5
CLUH,0
CLUHP3,3
CLVS2,1
CLYBL,1
CMAS,0
CMBL,4
CMC1,1
CMC2,5
CMC4,1
CMIP,4
CMPK1,0
CMSS1,4
CMTM1,4
CMTM3,2
CMTM4,2
CMTM6,0
CMTM7,5
CMTM8,0
CMTR2,5
CMYA5,3
CNBP,5
CNEP1R1,5
CNFN,5
CNIH1,5
CNIH2,4
CNIH3,1
CNIH4,5
CNKSR1,5
CNN2,0
CNN3-DT,4
CNNM1,2
CNNM2,0
CNOT1,0
CNOT10,5
CNOT2,5
CNOT3,4
CNOT4,5
CNOT9,2
CNPPD1,3
CNPY1,3
CNPY2,2
CNPY4,5
CNST,4
CNTFR,0
CNTLN,4
CNTN1,0
CNTNAP3,4
CNTNAP3B,4
CNTNAP3P2,4
COA3,5
COA4,5
COA5,2
COA7,5
COCH,0
COG1,5
COG2,5
COG3,3
COG7,0
COG8,4
COIL,5
COL13A1,4
COL14A1,0
COL18A1,0
COL19A1,3
COL1A1,1
COL21A1,1
COL23A1,1
COL24A1,2
COL26A1,2
COL27A1,1
COL2A1,2
COL3A1,2
COL4A1,2
COL4A2,2
COL4A4,1
COL4A5,4
COL4A6,2
COL5A1,0
COL5A2,0
COL6A1,2
COL6A2,0
COL7A1,5
COL9A2,4
COL9A3,4
COLEC11,3
COLEC12,4
COLGALT1,2
COLQ,1
COMMD3,5
COMMD4,0
COMMD6,0
COMP,5
COMT,2
COMTD1,4
COPB1,0
COPB2,4
COPG1,0
COPG2,4
COPRS,4
COPS2,0
COPS7A,0
COPS9,4
COQ10A,5
COQ10B,5
COQ4,5
COQ5,5
CORO1A,0
CORO1B,4
CORO2A,0
CORO2B,1
CORO6,4
COTL1,0
COX10,4
COX10-DT,1
COX15,5
COX17,5
COX19,5
COX5A,2
COX5B,4
COX6A1,5
COX6C,5
COX7A2,5
COX7B,5
COX8A,5
CPB2-AS1,5
CPD,0
CPE,4
CPEB2,4
CPEB3,0
CPLANE1,0
CPLANE2,1
CPLX1,4
CPM,4
CPNE2,0
CPNE3,0
CPNE8,1
CPPED1,5
CPQ,3
CPS1,4
CPSF1,4
CPSF4,5
CPSF6,5
CPSF7,5
CPT1A,4
CPT1C,0
CPT2,1
CPVL,4
CPZ,4
CRABP2,5
CRACD,0
CRACDL,4
CRACR2B,5
CRADD,4
CRAMP1,4
CRAT,2
CRBN,5
CRCP,4
CREB1,5
CREB3L1,0
CREB3L2,3
CREB3L4,3
CREB5,4
CREBBP,4
CREBL2,5
CREBRF,5
CREBZF,5
CRELD2,0
CRIP2,1
CRIP3,4
CRISPLD1,1
CRK,5
CRKL,4
CRLS1,0
CRMP1,1
CRNDE,4
CRNKL1,0
CROCC,0
CROCCP2,3
CROCCP3,5
CROT,5
CRPPA,4
CRSP8P,5
CRTAP,0
CRTC1,4
CRTC2,4
CRY1,0
CRY2,3
CRYBB2P1,0
CRYBG1,4
CRYBG2,1
CRYGD,3
CRYL1,4
CRYM,3
CRYZL1,5
CS,4
CSAD,3
CSAG3,3
CSDE1,0
CSF1,5
CSGALNACT1,1
CSGALNACT2,5
CSKMT,3
CSNK1A1,5
CSNK1D,4
CSNK1E,5
CSNK1G1,4
CSNK1G2,2
CSPG4,2
CSPG5,1
CSPP1,5
CSRNP1,5
CSRNP2,0
CSRNP3,5
CSRP2,1
CST3,4
CSTB,5
CSTF1,5
CSTF2T,0
CSTF3,5
CTAGE1,1
CTAGE7P,4
CTBP1-AS,3
CTBS,0
CTC-338M12.4,4
CTCF,4
CTDP1,0
CTDSP1,0
CTDSPL,1
CTDSPL2,5
CTH,4
CTNNA1,0
CTNNBIP1,2
CTNNBL1,5
CTNND1,0
CTPS2,0
CTRL,3
CTSA,2
CTSB,2
CTSC,2
CTSD,4
CTSF,0
CTSH,1
CTSK,5
CTSL,2
CTSZ,4
CTTN,0
CTTNBP2NL,5
CTU1,5
CTU2,0
CTXN1,0
CUEDC1,0
CUEDC2,4
CUL3,0
CUL5,0
CUL9,4
CUTC,5
CWC15,5
CWC22,5
CWF19L2,0
CXADR,5
CXCL12,3
CXCL16,4
CXCR4,4
CXXC4,4
CXXC5,0
CYB561,0
CYB561A3,1
CYB561D1,5
CYB5A,5
CYB5D1,5
CYB5D2,5
CYB5R1,5
CYB5R3,0
CYBA,5
CYBC1,4
CYBRD1,1
CYC1,1
CYCS,5
CYFIP1,0
CYFIP2,0
CYLD,4
CYP1A1,1
CYP1B1,0
CYP20A1,5
CYP26A1,4
CYP26B1,4
CYP27B1,5
CYP27C1,1
CYP2J2,4
CYP2R1,5
CYP2S1,1
CYP2U1,5
CYP39A1,5
CYP4V2,4
CYP4X1,3
CYREN,4
CYRIA,5
CYSRT1,1
CYSTM1,5
CYTH2,5
CYTH3,0
CYTOR,5
D2HGDH,5
DAAM2,1
DAB2IP,0
DACH2,0
DACT1,4
DACT3,4
DAG1,0
DAGLA,1
DAGLB,5
DALRD3,4
DANCR,5
DAPK3,4
DARS1,0
DARS2,0
DAZAP1,0
DBF4,5
DBI,5
DBIL5P,3
DBN1,0
DBNDD1,0
DBNL,0
DBP,4
DBR1,5
DBT,0
DCAF1,4
DCAF10,5
DCAF11,0
DCAF12,5
DCAF13,5
DCAF16,1
DCAF17,0
DCAF4,5
DCAF4L1,3
DCAF6,4
DCAF8,5
DCBLD2,0
DCDC2,3
DCHS1,1
DCHS2,1
DCK,5
DCLK1,2
DCLK2,4
DCLRE1B,5
DCLRE1C,5
DCP1A,5
DCP1B,5
DCST1-AS1,4
DCTD,0
DCTN1,0
DCTN3,2
DCTN4,0
DCTN6,5
DCTPP1,0
DCUN1D1,5
DCUN1D3,3
DCUN1D4,5
DCXR,2
DDA1,5
DDAH1,4
DDB1,0
DDB2,5
DDHD2,0
DDI2,4
DDIAS,5
DDIT3,1
DDIT4,4
DDIT4L,4
DDN,4
DDR2,4
DDRGK1,5
DDX10,0
DDX11,4
DDX11-AS1,5
DDX12P,5
DDX19A-DT,5
DDX20,5
DDX21,5
DDX23,0
DDX28,5
DDX31,4
DDX42,5
DDX46,0
DDX47,5
DDX50,0
DDX51,5
DDX52,5
DDX54,0
DDX56,0
DDX59,5
DDX6,4
DDX60,0
DEDD,5
DEDD2,5
DEF6,2
DEGS1,5
DENND10,5
DENND1A,0
DENND1B,5
DENND1C,1
DENND2A,4
DENND2B,0
DENND2C,4
DENND3,0
DENND6B,3
DEPDC4,1
DEPDC7,5
DEPP1,3
DEPTOR,4
DERA,0
DERL1,5
DERL2,5
DET1,5
DGAT2,2
DGCR11,3
DGCR6L,1
DGKD,4
DGKH,4
DGKQ,4
DGKZ,0
DGLUCY,1
DGUOK,5
DHCR24,0
DHCR7,0
DHDDS,5
DHFR,0
DHFR2,5
DHODH,1
DHPS,4
DHRS1,4
DHRS12,4
DHRS2,4
DHRS3,1
DHRS4,4
DHRS4-AS1,2
DHRS4L1,4
DHX32,1
DHX33,4
DHX35,1
DHX36,5
DHX37,0
DIAPH1,0
DICER1,0
DICER1-AS1,3
DIMT1,1
DIP2A,0
DIPK1B,0
DIPK2A,5
DIS3L,0
DISP1,5
DISP2,0
DKFZP586I1420,5
DKK1,1
DKK3,2
DLEU1,5
DLEU2,5
DLG2,5
DLG4,4
DLK2,3
DLL3,5
DLSTP1,4
DLX1,5
DLX2,5
DLX2-DT,4
DLX3,1
DLX4,0
DLX5,5
DLX6,5
DLX6-AS1,1
DMAC1,5
DMAC2,0
DMBX1,4
DMPK,1
DMRT3,3
DMRTA2,5
DMTF1,5
DMTN,2
DMWD,4
DMXL2,4
DNAAF10,5
DNAAF2,5
DNAAF3,0
DNAAF5,0
DNAAF8,3
DNAH1,4
DNAH11,4
DNAH17,5
DNAH6,4
DNAI3,4
DNAI4,5
DNAJA1,4
DNAJA4,3
DNAJB1,0
DNAJB11,3
DNAJB14,5
DNAJB4,3
DNAJB5,5
DNAJB9,3
DNAJC10,3
DNAJC11,2
DNAJC12,5
DNAJC13,4
DNAJC14,5
DNAJC16,5
DNAJC17,4
DNAJC18,5
DNAJC19,3
DNAJC22,5
DNAJC25,3
DNAJC27,3
DNAJC3,3
DNAJC30,5
DNAJC4,0
DNAJC6,5
DNAJC9,5
DNAJC9-AS1,5
DNAL1,5
DNAL4,5
DNASE1,4
DNASE1L1,1
DNASE1L2,5
DNASE2,0
DND1,1
DNHD1,1
DNLZ,4
DNM1,3
DNM2,0
DNM3,2
DNMT1,0
DNMT3A,0
DNMT3B,2
DNPH1,4
DNTTIP2,0
DOC2A,3
DOCK1,0
DOCK11,0
DOCK3,4
DOCK6,0
DOCK7,0
DOCK8,0
DOCK9,0
DOHH,3
DOK1,5
DOK3,3
DOK4,4
DOK6,0
DOLK,5
DOLPP1,5
DONSON,0
DOP1A,5
DOP1B,0
DPAGT1,3
DPCD,1
DPF1,5
DPF2,5
DPF3,5
DPH2,0
DPH3P1,4
DPH5,5
DPH5-DT,1
DPH7,5
DPM1,5
DPM2,0
DPM3,5
DPP3,0
DPP4,4
DPP7,5
DPY19L1,0
DPY19L2,1
DPY19L2P1,3
DPY19L2P2,3
DPY19L3,2
DPY19L3-DT,1
DPYD,4
DPYSL3,0
DPYSL4,4
DRAM1,1
DRAM2,1
DRAP1,0
DRG1,5
DRG2,2
DROSHA,0
DRP2,3
DSC3,0
DSG2,0
DSN1,1
DSP,0
DST,0
DSTNP2,5
DSTYK,4
DTL,5
DTNB,0
DTNBP1,5
DTWD1,5
DTX2,4
DTX2P1-UPK3BP1-PMS2P11,4
DTX3,3
DTX3L,4
DTX4,1
DUBR,5
DUS1L,0
DUS2,5
DUS4L,5
DUSP1,5
DUSP10,1
DUSP11,5
DUSP15,0
DUSP16,4
DUSP18,3
DUSP19,5
DUSP2,1
DUSP22,0
DUSP28,1
DUSP4,1
DUSP7,3
DUSP9,0
DVL1,0
DVL2,0
DYM,0
DYNC1H1,0
DYNC1I1,3
DYNC1LI1,5
DYNC1LI2,5
DYNC2H1,0
DYNC2I2,4
DYNC2LI1,5
DYNLL1,4
DYNLRB1,5
DYNLT2B,1
DYRK1A,5
DYRK3,5
DYRK4,5
DYSF,1
DZANK1,5
DZIP1,0
DZIP1L,4
E2F1,4
E2F2,4
E2F3,5
E2F6,5
E2F8,5
E4F1,5
EAF1,5
EAF2,4
EAPP,5
EARS2,0
EBAG9,5
EBF1,5
EBF2,3
EBF4,2
EBLN3P,5
ECE1,2
ECE2,0
ECEL1,1
ECH1,0
ECHDC2,5
ECHS1,0
ECI1,4
ECM1,3
ECPAS,0
ECSIT,2
EDA,0
EDA2R,5
EDARADD,2
EDC3,0
EDEM1,3
EDEM2,3
EDEM3,3
EDIL3,4
EDNRA,1
EDNRB,0
EDRF1,0
EEA1,0
EED,5
EEF1A2,4
EEF1AKMT1,4
EEF1AKMT3,5
EEF1E1,5
EEF1G,4
EEF2,0
EEFSEC,5
EEIG1,5
EEIG2,4
EEPD1,1
EFCAB10,4
EFCAB6,4
EFCAB7,3
EFEMP1,4
EFEMP2,5
EFHC1,3
EFHD1,4
EFHD2,0
EFNA1,5
EFNA2,1
EFNA3,5
EFNA4,5
EFNB1,0
EFNB2,5
EFNB3,2
EFR3A,5
EFR3B,0
EGFL7,2
EGFLAM,0
EGFR,1
EGLN1,0
EGLN3,5
EGR1,5
EHBP1L1,0
EHD1,4
EHD2,2
EHD3,4
EHD4,0
EI24,0
EID2,4
EID2B,1
EIF1,5
EIF1AD,5
EIF1B,5
EIF2A,5
EIF2AK1,0
EIF2AK3,3
EIF2AK3-DT,5
EIF2B3,0
EIF2B4,4
EIF2S1,5
EIF3B,0
EIF3C,2
EIF3CL,2
EIF3F,4
EIF3J,5
EIF3J-DT,3
EIF3K,5
EIF3L,0
EIF4A2,5
EIF4E,5
EIF4E2,5
EIF4E3,0
EIF4EBP1,4
EIF4EBP2,0
EIF4ENIF1,4
EIF4G1,0
EIF4G2,0
EIF4G3,0
EIF5,5
EIF5A,4
EIF5A2,5
EIF5AL1,4
EIPR1,0
ELAC1,5
ELAC2,0
ELAPOR2,2
ELAVL2,5
ELF1,1
ELFN2,0
ELK1,0
ELK4,5
ELL,4
ELL3,1
ELMO1,2
ELMO2,4
ELMO3,1
ELMOD2,4
ELMOD3,4
ELOA,4
ELOVL4,5
ELP1,0
ELP3,4
ELP4,4
ELP5,5
ELP6,5
EMB,2
EMBP1,4
EMC10,2
EMC2,5
EMC3-AS1,1
EMC4,5
EMC6,5
EMC7,5
EMD,4
EME1,5
EME2,5
EMG1,5
EMID1,2
EMILIN1,1
EMILIN2,0
EMILIN3,2
EML1,4
EML2,5
EML3,4
EML4,0
EMP2,2
EMP3,5
EMSLR,5
EMSY,5
EMX1,1
EMX2,3
EMX2OS,0
EN1,4
ENC1,3
ENDOD1,0
ENDOG,4
ENDOV,1
ENHO,1
ENKD1,3
ENO1,0
ENO2,0
ENO3,3
ENOSF1,4
ENOX1,3
ENPEP,0
ENPP1,0
ENPP2,0
ENPP4,5
ENPP5,5
ENTPD5,5
ENTPD6,0
ENTPD7,3
ENTREP1,4
ENY2,5
EOLA1-DT,4
EOLA2,3
EOLA2-DT,3
EOMES,1
EP300,0
EP300-AS1,5
EP400,0
EP400P1,3
EPAS1,0
EPB41,0
EPB41L1,2
EPB41L2,0
EPB41L3,0
EPC1,5
EPC2,5
EPHA10,3
EPHA5,1
EPHA6,3
EPHA7,5
EPHA8,0
EPHB1,0
EPHB2,0
EPHB3,5
EPHX1,2
EPHX2,1
EPM2A,2
EPN1,0
EPN2,5
EPOR,4
EPPK1,3
EPS15L1,5
EPSTI1,4
ERAP1,4
ERAP2,4
ERBB3,2
ERBB4,4
ERC1,0
ERC2,3
ERCC1,0
ERCC4,4
ERCC5,4
ERCC6,0
ERCC6L,5
ERCC6L2-AS1,3
ERF,5
ERFE,1
ERGIC1,2
ERGIC3,1
ERH,5
ERICH1,5
ERICH2,3
ERICH5,3
ERLEC1,3
ERLIN1,5
ERMP1,0
ERN1,2
ERO1B,3
ERP29,4
ERRFI1,5
ERV3-1,4
ERVK13-1,4
ESAM,3
ESCO2,5
ESD,5
ESF1,5
ESPNL,1
ESR2,4
ESRP2,4
ESRRG,5
ESS2,0
ESX1,1
ESYT1,0
ESYT2,0
ETAA1,5
ETFB,4
ETFBKMT,3
ETFDH,1
ETFRF1,5
ETHE1,1
ETNK2,2
ETNPPL,1
ETS1,2
ETS2,5
ETV1,4
ETV3,5
ETV6,4
EVA1A,4
EVC,0
EVI5,0
EVI5L,0
EVL,0
EXD2,0
EXD3,5
EXO1,5
EXO5,5
EXOC3-AS1,4
EXOC4,0
EXOC5,0
EXOC8,5
EXOG,5
EXOSC1,5
EXOSC2,5
EXOSC3,0
EXOSC4,5
EXOSC5,0
EXOSC6,5
EXOSC7,5
EXOSC8,5
EXOSC9,5
EXPH5,1
EXTL1,4
EYA1,3
EYA3,5
EYS,3
EZH1,5
EZR,0
F11R,4
F12,4
F2RL1,1
F3,3
F8,4
F8A1,3
FAAH,5
FAAH2,3
FAAHP1,3
FAAP100,4
FAAP20,4
FAAP24,5
FABP5,5
FADD,0
FADS1,0
FADS2,0
FADS3,1
FAF1,0
FAF2,5
FAH,4
FAHD1,5
FAHD2B,1
FAHD2CP,0
FAM110A,5
FAM110B,1
FAM110C,5
FAM114A1,4
FAM114A2,5
FAM117A,5
FAM118A,5
FAM118B,1
FAM120A,0
FAM120C,5
FAM124A,5
FAM131B,3
FAM131C,2
FAM133B,5
FAM133DP,5
FAM135A,5
FAM13B,5
FAM13C,3
FAM149A,4
FAM151B,4
FAM161A,5
FAM161B,5
FAM162A,5
FAM168A,0
FAM168B,0
FAM169A,5
FAM171A1,0
FAM171A2,2
FAM171B,2
FAM174A,3
FAM174B,3
FAM174C,2
FAM177A1,5
FAM181B,5
FAM184A,1
FAM186B,3
FAM193A,5
FAM193B,5
FAM200A,2
FAM200B,5
FAM200C,5
FAM20C,0
FAM216A,4
FAM219A,5
FAM220A,0
FAM221A,5
FAM222A,4
FAM222B,5
FAM227A,5
FAM227B,5
FAM228B,4
FAM229A,3
FAM229B,1
FAM234A,2
FAM234B,0
FAM241A,0
FAM241B,3
FAM27B,5
FAM27E3,5
FAM3C,5
FAM43A,5
FAM43B,3
FAM50A,0
FAM50B,4
FAM53A,4
FAM53B,0
FAM53C,5
FAM72A,5
FAM72B,5
FAM72C,5
FAM72D,3
FAM76A,5
FAM76B,3
FAM81A,0
FAM83B,5
FAM83D,5
FAM83G,4
FAM86B1,1
FAM86B3P,1
FAM86C1P,1
FAM86C2P,0
FAM86EP,5
FAM86FP,1
FAM86HP,4
FAM86JP,1
FAM88B,3
FAM88E,3
FAM89A,0
FAM89B,4
FAM8A1,0
FAM95C,3
FAM98C,1
FANCB,5
FANCC,0
FANCF,3
FANCI,0
FANCL,5
FANCM,3
FANK1,5
FAR1,0
FAR2,4
FARP1,0
FARP2,0
FARS2,2
FARSA,5
FARSB,0
FAS,4
FASN,0
FASTK,3
FASTKD1,5
FASTKD2,5
FASTKD3,5
FAT1,0
FAT3,0
FAT4,4
FAU,5
FAXDC2,1
FBF1,4
FBLIM1,2
FBLL1,1
FBLN1,2
FBLN2,2
FBLN5,0
FBN1,2
FBN2,0
FBRS,4
FBRSL1,4
FBXL12,5
FBXL14,2
FBXL15,5
FBXL16,4
FBXL17,0
FBXL18,0
FBXL19,0
FBXL19-AS1,4
FBXL2,3
FBXL21P,1
FBXL3,4
FBXL5,5
FBXL6,5
FBXL7,3
FBXO16,3
FBXO17,4
FBXO2,0
FBXO21,4
FBXO22,0
FBXO27,1
FBXO28,5
FBXO30,5
FBXO31,4
FBXO32,1
FBXO33,5
FBXO36,1
FBXO38,5
FBXO4,5
FBXO42,5
FBXO44,4
FBXO45,0
FBXO46,5
FBXO48,3
FBXO5,5
FBXO6,5
FBXO8,5
FBXO9,4
FBXW11,4
FBXW5,4
FBXW7,3
FBXW9,0
FCGBP,1
FCGRT,0
FCHO1,0
FCHO2,5
FCHSD1,1
FDFT1,2
FDPS,0
FDX2,5
FDXACB1,5
FECH,0
FEM1A,4
FEM1B,5
FEM1C,5
FEN1,5
FENDRR,0
FER1L4,3
FERMT1,0
FGD1,0
FGD3,0
FGD4,5
FGD5-AS1,0
FGD6,4
FGF12,4
FGF17,5
FGF2,3
FGF5,3
FGF7P3,1
FGF9,3
FGFBP1,4
FGFBP3,5
FGFR1OP2,5
FGFR2,4
FGFR3,4
FGFR4,2
FGGY,3
FHDC1,1
FHIP1A,0
FHIP2A,5
FHIP2B,3
FHIT,5
FHL1,0
FHL2,5
FHL3,5
FHOD1,0
FHOD3,0
FIBIN,4
FIBP,4
FICD,3
FIG4,4
FIGNL1,5
FILIP1L,1
FIP1L1,5
FIRRE,3
FIRRM,0
FIS1,4
FITM2,2
FIZ1,5
FJX1,5
FKBP11,3
FKBP14,3
FKBP15,5
FKBP1B,0
FKBP2,5
FKBP5,0
FKBP8,0
FKBP9,1
FKRP,5
FLAD1,5
FLI1,0
FLII,0
FLJ37201,3
FLJ42627,5
FLNA,0
FLNB,0
FLNC,2
FLOT2,2
FLRT1,3
FLRT2,5
FLRT3,4
FLVCR1-DT,1
FLVCR2,3
FLYWCH1,0
FLYWCH2,5
FMC1,3
FMNL1,4
FMNL2,0
FMNL3,4
FMO4,3
FMO5,1
FN1,0
FN3K,1
FN3KRP,4
FNBP1,0
FNBP4,5
FNDC1,2
FNDC10,2
FNDC3A,3
FNDC3B,3
FNDC4,1
FNDC5,1
FNDC8,1
FNIP1,5
FNIP2,0
FNTB,4
FOCAD,0
FOS,1
FOSB,1
FOSL2,3
FOXA1,3
FOXA3,3
FOXB1,3
FOXC1,5
FOXD1,4
FOXD2,5
FOXD2-AS1,1
FOXD3,1
FOXD3-AS1,1
FOXD4,1
FOXE1,5
FOXF1,5
FOXG1,5
FOXI3,5
FOXJ2,4
FOXJ3,5
FOXK1,0
FOXN2,5
FOXN3-AS1,3
FOXN4,3
FOXO1,1
FOXO3,0
FOXO3B,4
FOXO4,2
FOXO6,0
FOXP1,4
FOXP3,3
FOXP4,0
FOXP4-AS1,1
FOXQ1,3
FOXRED1,5
FPGS,4
FPGT,5
FRAS1,2
FRAT1,0
FRAT2,5
FREM2,0
FRG1BP,4
FRG1HP,5
FRK,1
FRMD3,5
FRMD4B,4
FRMD5,4
FRMD6,5
FRMD8,4
FRMPD1,4
FRMPD3,3
FRRS1,5
FRS2,5
FRS3,3
FRY,3
FSCN1,0
FSCN2,4
FSD1L,5
FSD2,5
FSIP1,4
FSIP2,3
FSTL3,1
FSTL5,1
FTO,0
FTSJ1,5
FTX,4
FUBP3,0
FUCA2,2
FUNDC1,5
FUOM,0
FURIN,2
FUS,0
FXR2,4
FXYD5,3
FXYD6,4
FZD1,4
FZD10,0
FZD10-AS1,4
FZD2,3
FZD3,0
FZD4,4
FZD5,4
FZD6,5
FZD7,4
FZD8,5
FZD9,0
FZR1,0
G0S2,5
G2E3,5
G6PC3,4
G6PD,0
GAA,0
GAB1,5
GAB2,5
GABARAP,2
GABARAPL1,3
GABPB1,1
GABPB1-AS1,5
GABPB1-IT1,4
GABRA3,4
GABRB3,0
GABRD,1
GAD1,5
GADD45A,3
GADD45B,5
GADD45GIP1,4
GAK,2
GALC,1
GALE,2
GALK1,4
GALK2,3
GALM,0
GALNS,4
GALNT1,0
GALNT10,2
GALNT11,2
GALNT12,0
GALNT13,2
GALNT16,0
GALNT2,2
GALNT3,1
GALNT6,0
GALNT9-AS1,4
GALNTL6,1
GALR2,3
GAMT,4
GAN,4
GANAB,4
GAP43,3
GAPDH,4
GAPDHS,5
GAR1,5
GARIN5A,4
GARNL3,1
GARRE1,4
GARS1-DT,3
GAS1,5
GAS2L1,2
GAS2L3,3
GAS6,2
GAS7,0
GASK1A,1
GATA2,4
GATA2-AS1,0
GATA3,5
GATA5,0
GATA6,5
GATA6-AS1,0
GATAD1,3
GATAD2A,0
GATAD2B,3
GATB,0
GATD1,0
GATD1-DT,4
GATD3,1
GBA1,2
GBA1LP,4
GBF1,0
GBP1P1,3
GBX1,1
GBX2,1
GCA,5
GCAT,0
GCC1,5
GCH1,0
GCHFR,0
GCLC,5
GCN1,0
GCNA,5
GCNT1,5
GCNT2,5
GCSAM,1
GCSH,4
GCSHP3,1
GDAP2,0
GDE1,4
GDF11,0
GDF6,0
GDF7,1
GDF9,1
GDI2,5
GDNF,3
GDPD1,1
GDPD3,3
GDPGP1,5
GEM,4
GEMIN2,5
GEMIN4,4
GEMIN5,2
GEMIN6,5
GEMIN7,5
GEMIN8P4,4
GEN1,5
GET4,0
GFER,5
GFI1,5
GFM2,4
GFOD3P,0
GFPT1,3
GFRA1,0
GFUS,5
GGACT,1
GGCX,2
GGH,2
GGT1,3
GGT7,4
GHDC,2
GHET1,1
GHITM,0
GHR,0
GHRLOS,1
GID4,5
GIGYF1,3
GIGYF2,4
GIHCG,2
GIN1,5
GINM1,5
GINS3,4
GIPC1,4
GIPC3,4
GIT2,5
GJA3,2
GJB2,1
GJB7,3
GJC1,5
GJC2,1
GJD3,2
GK,0
GK5,4
GLB1,0
GLB1L,4
GLB1L2,2
GLB1L3,1
GLCCI1,0
GLDC,2
GLG1,0
GLI1,4
GLI3,0
GLI4,4
GLIDR,3
GLIPR1,4
GLIS3,4
GLMN,1
GLMP,0
GLOD4,5
GLRB,3
GLRX,0
GLRX2,0
GLS2,3
GLT8D1,5
GLT8D2,4
GLTPD2,1
GLUD1,0
GLUD1P3,1
GLUD2,0
GLYCTK,4
GM2A,4
GMCL1,0
GMEB1,4
GMEB2,0
GMIP,4
GMNN,5
GMPPA,3
GMPPB,3
GMPR,3
GMPS,4
GNAI1,5
GNAI3,0
GNAL,2
GNAO1,4
GNAQ,2
GNAS,2
GNAS-AS1,4
GNAT2,4
GNAZ,0
GNB1,2
GNB1L,0
GNB2,4
GNB3,5
GNE,4
GNG11,3
GNG13,1
GNG2,1
GNG4,2
GNG7,2
GNL2,5
GNL3,5
GNMT,5
GNPAT,4
GNPTAB,2
GNPTG,2
GNRHR2,1
GOLGA1,5
GOLGA2P5,5
GOLGA2P7,5
GOLGA3,0
GOLGA4,0
GOLGA5,3
GOLGA6L5P,3
GOLGA6L9,3
GOLGA8A,5
GOLGA8B,3
GOLGB1,3
GOLIM4,0
GOLM1,2
GOLM2,4
GOLPH3L,3
GOLT1B,5
GOPC,5
GORAB,5
GORASP1,0
GORASP2,3
GOSR1,5
GOSR2,4
GOT1,1
GP1BA,1
GPAA1,0
GPAM,0
GPAT3,5
GPATCH1,0
GPATCH11,5
GPATCH2,5
GPATCH3,4
GPBP1,5
GPBP1L1,5
GPC1,2
GPC2,3
GPC3,2
GPC4,1
GPC5,4
GPC6,2
GPCPD1,5
GPD1L,0
GPER1,4
GPI,0
GPKOW,5
GPLD1,1
GPM6A,1
GPM6B,0
GPN2,4
GPN3,5
GPR107,0
GPR135,3
GPR137,4
GPR137B,4
GPR137C,4
GPR146,0
GPR153,0
GPR156,4
GPR157,4
GPR158,4
GPR160,0
GPR161,0
GPR162,4
GPR19,1
GPR27,4
GPR37,4
GPR50,0
GPR63,5
GPR75,1
GPR85,0
GPR89B,5
GPRASP1,3
GPRASP3,3
GPRC5A,3
GPRC5B,2
GPRC5C,3
GPRIN1,0
GPRIN3,4
GPS1,4
GPSM1,0
GPSM2,0
GPT,4
GPT2,0
GPX1,4
GPX3,4
GPX4,4
GRAMD1C,2
GRAMD2B,3
GRAMD4,0
GRB14,0
GREB1,0
GREB1L,0
GRID1,0
GRID2IP,1
GRIK4,2
GRIK5,3
GRIN2C,1
GRIN2D,2
GRINA,0
GRIP1,4
GRIP2,0
GRIPAP1,0
GRK2,0
GRK4,1
GRK6,0
GRN,2
GRPEL1,5
GRPEL2,5
GRTP1,4
GRWD1,4
GSC,3
GSDMB,3
GSE1,0
GSK3A,5
GSKIP,5
GSN,0
GSPT2,5
GSR,4
GSTA4,1
GSTK1,0
GSTM2,0
GSTM3,1
GSTM4,0
GSTO2,5
GSTP1,4
GSTZ1,1
GTF2A1,5
GTF2A2,5
GTF2B,5
GTF2E1,5
GTF2H2,5
GTF2H2C,1
GTF2H5,5
GTF2I,2
GTF2IP1,2
GTF2IP20,3
GTF2IP4,0
GTF2IRD1,4
GTF2IRD2B,4
GTF3A,4
GTF3C1,2
GTF3C2,0
GTF3C4,5
GTF3C6,5
GTPBP1,0
GTPBP10,5
GTPBP2,4
GTPBP4,5
GTSE1,0
GTSE1-DT,4
GTSF1,1
GUCA1B,5
GUCY1A1,4
GUCY1A2,0
GUCY1B1,1
GUK1,0
GULP1,5
GUSB,0
GUSBP1,4
GUSBP11,4
GVQW3,4
GXYLT2,2
GYG2,2
GYPC,4
GYS1,2
GYS2,4
GZF1,0
H1-0,5
H1-10,4
H1-10-AS1,1
H1-2,5
H1-4,2
H2AC11,1
H2AC12,1
H2AC17,1
H2AC20,3
H2AC25,2
H2AC6,4
H2AJ,0
H2AX,5
H2AZ1,5
H2BC11,1
H2BC12,4
H2BC17,1
H2BC18,1
H2BC21,1
H2BC26,1
H2BC5,1
H3-3B,5
H3-5,1
H3P6,4
H4C3,1
H4C5,2
H4C8,1
H6PD,2
HABP4,0
HACD1,2
HACE1,0
HADHA,0
HAGHL,4
HAGLR,0
HAND1,4
HAND2,4
HAP1,1
HAPLN3,2
HAPSTR1,5
HAPSTR2,3
HARBI1,5
HARS2,5
HAS2,1
HAS3,4
HASPIN,1
HAUS3,5
HAUS4,4
HAUS5,5
HAUS6,4
HAUS8,1
HAX1,5
HBEGF,5
HBP1,3
HBQ1,0
HCCS,5
HCFC1,0
HCFC1R1,4
HCFC2,1
HCG11,5
HCN2,0
HCN4,3
HDAC10,4
HDAC11,0
HDAC3,2
HDAC4,0
HDAC6,0
HDAC7,0
HDAC9,3
HDDC2,4
HDDC3,5
HDGF,0
HDGFL2,0
HDGFL3,0
HDHD2,0
HDHD3,5
HDLBP,0
HDX,3
HEATR1,0
HEATR3,2
HEATR5A,0
HEATR6,5
HEBP1,2
HEBP2,4
HECA,0
HECTD1,4
HECTD2,5
HECTD3,0
HECTD4,0
HECW2,0
HEG1,0
HEIH,5
HELB,1
HELQ,5
HELZ,4
HELZ2,0
HEMK1,3
HERC1,0
HERC2,0
HERC2P2,3
HERC3,4
HERC5,4
HERC6,1
HERPUD1,3
HERPUD2,5
HERPUD2-AS1,5
HES1,5
HES4,4
HES6,1
HESX1,4
HEXA,4
HEXB,4
HEXD,0
HEXIM1,5
HEXIM2,5
HEY1,5
HEY2,5
HEYL,4
HFM1,4
HGSNAT,0
HHAT,4
HHEX,0
HHIP,1
HHIP-AS1,1
HIC1,3
HID1,4
HIF1A,5
HIF1AN,5
HIGD2A,4
HIKESHI,5
HILPDA,5
HINT2,0
HIP1,0
HIP1R,0
HIPK1,0
HIPK2,0
HIPK3,5
HIVEP1,4
HIVEP2,4
HIVEP3,4
HJURP,5
HLA-C,4
HLA-DQB1,2
HLA-DRB1,1
HLF,5
HLTF,4
HLX,4
HM13,4
HMBOX1,3
HMCN1,0
HMG20B,1
HMGA1,4
HMGA2,4
HMGB2,5
HMGCL,1
HMGCLL1,4
HMGCR,0
HMGCS1,0
HMGN1,4
HMGN3,4
HMGN3-AS1,4
HMGN5,4
HMGXB3,4
HMGXB4,5
HMX1,0
HNF1A,3
HNRNPA0,5
HNRNPA1,4
HNRNPA1L2,5
HNRNPA1P10,5
HNRNPA1P33,1
HNRNPA3P1,0
HNRNPAB,5
HNRNPCL1,3
HNRNPDL,5
HNRNPH3,5
HNRNPK,2
HNRNPR,0
HNRNPU,0
HNRNPUL1,0
HOMER2,4
HOMEZ,5
HOPX,4
HOTAIR,3
HOTAIRM1,4
HOTTIP,4
HOXA-AS3,5
HOXA10-AS,3
HOXA11,3
HOXA11-AS,4
HOXA13,4
HOXA2,3
HOXA3,4
HOXA4,5
HOXA5,5
HOXA6,3
HOXA7,4
HOXA9,5
HOXB-AS3,5
HOXB2,1
HOXB4,3
HOXB5,3
HOXB6,5
HOXB7,5
HOXB8,3
HOXB9,0
HOXC-AS1,3
HOXC-AS2,3
HOXC11,5
HOXC13,4
HOXC13-AS,1
HOXC4,4
HOXC5,1
HOXC6,4
HOXC9,5
HOXD-AS2,5
HOXD1,4
HOXD10,3
HOXD11,4
HOXD13,5
HOXD3,5
HOXD4,3
HOXD9,3
HP1BP3,4
HPF1,2
HPGD,4
HPS1,2
HPS3,4
HPS4,0
HPS5,0
HPSE,4
HRK,3
HROB,5
HS3ST3B1,5
HS6ST2,1
HS6ST3,5
HSBP1L1,4
HSCB,5
HSD11B1L,4
HSD11B2,0
HSD17B1,5
HSD17B14,3
HSD17B4,4
HSD17B6,5
HSD17B7,3
HSD17B7P2,3
HSD3B7,5
HSDL2,4
HSF2,5
HSF2BP,1
HSF4,3
HSP90AA1,0
HSP90AB1,4
HSP90B1,3
HSP90B2P,5
HSPA13,3
HSPA14,5
HSPA2,4
HSPA4,0
HSPA4L,0
HSPA5,3
HSPA6,4
HSPA8,2
HSPB1,0
HSPB8,5
HSPBAP1,5
HSPBP1,4
HSPD1,4
HSPE1,5
HSPG2,0
HSPH1,4
HTATIP2,0
HTATSF1,4
HTATSF1P2,4
HTR2C,4
HTR6,0
HTR7,3
HTR7P1,1
HTRA1,2
HTRA3,2
HTT,2
HUNK,1
HUWE1,0
HYAL2,0
HYAL3,4
HYCC2,5
HYKK,1
HYLS1,5
HYOU1,3
IARS1,4
IARS2,4
IBA57,0
IBTK,5
ICA1-AS1,3
ICA1L,1
ICAM3,5
ICAM4,1
ICAM5,1
ICE1,4
ICMT,2
ICMT-DT,1
ICOSLG,0
ID1,5
ID2,4
ID3,5
ID4,5
IDH1,4
IDI1,1
IDI2,5
IDNK,3
IDUA,3
IER3IP1,5
IER5,5
IER5L,5
IFFO1,4
IFFO2,0
IFI30,0
IFI35,4
IFI6,4
IFIT1,1
IFIT5,5
IFITM1,1
IFITM2,5
IFITM3,1
IFNAR1,5
IFNAR2,5
IFNGR1,5
IFNGR2,1
IFNLR1,1
IFT122,0
IFT122P3,3
IFT172,4
IFT20,0
IFT25,5
IFT43,5
IFT46,5
IFT56,5
IFT57,2
IFT70A,1
IFT70B,1
IFT74,5
IFT80,4
IFT88,4
IFTAP,2
IGBP1,5
IGDCC3,0
IGF2BP2,0
IGF2R,2
IGFBP2,2
IGFBP4,2
IGFBP5,2
IGFBPL1,0
IGFLR1,4
IGHMBP2,5
IGIP,4
IGSF1,0
IGSF10,1
IGSF11,3
IGSF3,2
IGSF8,2
IGSF9,3
IGSF9B,0
IKBIP,0
IKBKB,0
IKBKE,0
IKZF2,1
IKZF3,4
IKZF4,5
IKZF5,5
IL10RA,5
IL10RB,5
IL11RA,0
IL12A,1
IL12RB2,4
IL13RA1,4
IL15RA,4
IL16,3
IL17D,0
IL17RA,0
IL17RB,1
IL17RC,0
IL17RD,0
IL18BP,3
IL18R1,1
IL1R1,1
IL1RAP,5
IL20RB,4
IL27RA,2
IL4R,0
IL6R,2
IL6ST,4
ILDR2,0
ILF2,5
ILF3,0
ILF3-DT,5
IMMP1L,5
IMMP2L,5
IMMT,0
IMP3,4
IMP4,5
IMPA2,4
IMPDH1,0
INA,0
INAFM1,1
INAFM2,4
INAVA,1
INCA1,1
INCENP,0
INE1,5
INF2,0
ING1,4
ING2,3
ING3,5
INHBB,4
INIP,5
INKA2,4
INO80,3
INO80C,5
INO80D,5
INPP1,5
INPP4A,0
INPP4B,4
INPP5A,0
INPP5B,1
INPP5E,1
INSIG1,2
INSIG2,5
INSM1,4
INSYN1,4
INTS1,0
INTS12,5
INTS14,5
INTS15,4
INTS2,0
INTS4,0
INTS5,0
INTS6,5
INTS6L,5
INTS7,5
INTS8,4
INTU,0
IP6K1,4
IP6K2,5
IPMK,5
IPO4,0
IPO5,0
IPO5P1,1
IPO8,0
IPP,1
IPPK,5
IQCC,5
IQCE,0
IQCH,1
IQCH-AS1,0
IQGAP1,0
IQGAP2,0
IQGAP3,4
IRAG1,4
IRAK1,2
IRAK1BP1,4
IRF1,5
IRF2,4
IRF2BP1,5
IRF2BP2,4
IRF2BPL,4
IRF3,4
IRF8,5
IRF9,3
IRGQ,4
IRS1,4
IRS2,1
IRS4-AS1,4
IRX3,5
IRX5,5
IRX6,5
ISCA1,5
ISCA2,3
ISCU,5
ISG15,5
ISG20L2,5
ISL1,5
ISL1-DT,5
ISL2,5
ISM1,4
ISM2,4
IST1,5
ISY1,0
ISYNA1,0
ITCH,5
ITFG1,5
ITFG2,5
ITGA1,2
ITGA10,4
ITGA2,1
ITGA2B,4
ITGA3,3
ITGA5,0
ITGA6,0
ITGA7,4
ITGA8,1
ITGA9,0
ITGAD,0
ITGAV,0
ITGB1,2
ITGB4,2
ITGB5,2
ITGB8,3
ITIH4,5
ITM2C,2
ITPA,5
ITPKA,2
ITPKC,5
ITPR2,0
ITPR3,0
ITPRIPL1,5
ITPRIPL2,5
ITSN1,4
IVNS1ABP,5
JADE1,4
JADE2,1
JAG1,4
JAG2,0
JAGN1,0
JAK1,0
JAK3,4
JAKMIP1,0
JAKMIP1-DT,4
JAM2,1
JARID2,0
JDP2,1
JMJD1C,4
JMJD4,1
JMJD6,5
JMJD7,4
JMJD8,4
JMY,0
JOSD1,4
JOSD2,1
JPH1,5
JPH3,0
JPT2,0
JPX,4
JRKL,5
JUN,5
JUNB,5
JUND,0
JUP,0
KALRN,1
KANK1,5
KANK2,0
KANK3,4
KANSL1L,5
KANSL2,5
KANTR,4
KAT14,2
KAT2B,0
KAT5,5
KAT6A,4
KAT6B,0
KAT7,5
KATNA1,5
KATNAL1,4
KATNAL2,4
KATNB1,0
KATNBL1,5
KATNBL1P6,5
KAZALD1,0
KBTBD2,5
KBTBD3,5
KBTBD4,5
KBTBD6,5
KBTBD6-DT,1
KBTBD7,3
KBTBD8,5
KC6,5
KCNA3,4
KCNA6,3
KCNAB1,3
KCNAB2,0
KCNAB3,1
KCNB2,3
KCNC1,5
KCND1,3
KCNE2,5
KCNG1,0
KCNG3,5
KCNH2,2
KCNH3,1
KCNIP3,2
KCNIP4,5
KCNJ11,4
KCNJ14,5
KCNJ2,1
KCNJ3,1
KCNJ4,1
KCNJ5-AS1,0
KCNJ8,5
KCNK1,5
KCNK2,4
KCNK5,5
KCNMB2-AS1,4
KCNMB4,0
KCNN1,3
KCNN3,3
KCNQ1OT1,3
KCNQ2,0
KCNQ4,1
KCNQ5,1
KCNS3,0
KCNT2,1
KCNV1,4
KCTD1,1
KCTD11,5
KCTD13,3
KCTD18,3
KCTD19,1
KCTD2,4
KCTD20,0
KCTD21,5
KCTD21-AS1,3
KCTD5,5
KCTD6,5
KCTD7,0
KCTD8,3
KDELR1,0
KDELR2,2
KDELR3,3
KDM1A,0
KDM1B,4
KDM4A-AS1,5
KDM4C,5
KDM4D,5
KDM5C,0
KDM6A,4
KDM6B,4
KDM7A,4
KDM7A-DT,4
KDM8,4
KEAP1,4
KHDC1,1
KHDC4,3
KHK,0
KHNYN,0
KHSRP,0
KIAA0040,0
KIAA0319,3
KIAA0319L,2
KIAA0513,4
KIAA0586,0
KIAA0753,4
KIAA0825,3
KIAA1143,0
KIAA1217,4
KIAA1328,4
KIAA1549,0
KIAA1549L,0
KIAA1586,5
KIAA1614,0
KIAA1958,0
KIAA2013,2
KICS2,5
KIDINS220,0
KIF13B,0
KIF14,4
KIF15,2
KIF16B,4
KIF17,0
KIF18A,4
KIF18B,4
KIF1A,0
KIF1C,0
KIF21B,0
KIF22,5
KIF23,5
KIF24,4
KIF26A,0
KIF26A-DT,1
KIF27,3
KIF2C,0
KIF3A,5
KIF3C,0
KIF4B,4
KIF5C,0
KIF6,4
KIF9,5
KIF9-AS1,3
KIFBP,4
KIFC2,3
KIFC3,0
KIN,5
KIT,5
KITLG,4
KIZ,3
KLC3,4
KLC4,0
KLF10,5
KLF11,5
KLF12,4
KLF13,0
KLF14,1
KLF15,4
KLF16,4
KLF2,3
KLF3,5
KLF4,1
KLF5,5
KLF6,5
KLF7,5
KLF8,1
KLHDC10,4
KLHDC2,5
KLHDC3,0
KLHL11,5
KLHL12,5
KLHL14,1
KLHL15,5
KLHL17,5
KLHL18,5
KLHL20,5
KLHL21,4
KLHL23,1
KLHL24,4
KLHL25,5
KLHL26,5
KLHL28,5
KLHL3,5
KLHL31,3
KLHL32,4
KLHL36,0
KLHL41,1
KLHL42,5
KLHL5,0
KLHL7,0
KLHL9,5
KLK8,1
KLLN,1
KLRA1P,3
KLRG1,4
KLRG2,2
KMT2A,4
KMT2C,0
KMT2E,5
KMT2E-AS1,4
KMT5A,0
KMT5B,5
KMT5C,4
KNDC1,4
KNL1,4
KNOP1,5
KNSTRN,5
KNTC1,4
KPNA2,5
KPNA3,4
KPNA4,5
KPNA5,5
KPNA6,5
KPNB1,2
KPTN,1
KRCC1,5
KREMEN1,2
KREMEN2,1
KRIT1,5
KRR1,5
KRT10,0
KRT10-AS1,5
KRT18,0
KRT8,3
KRTCAP2,4
KSR2,0
KTN1,2
KTN1-AS1,3
KYAT1,3
KYAT3,2
L3HYPDH,3
L3MBTL1,4
L3MBTL3,3
L3MBTL4,3
LACC1,1
LACTB,2
LACTB2,5
LAGE3,4
LAMA1,2
LAMA2,2
LAMA3,0
LAMA4,2
LAMA5,2
LAMB1,2
LAMB2,0
LAMC1,2
LAMC2,1
LAMC3,2
LAMP1,2
LAMP2,4
LAMP3,3
LAMTOR2,1
LAMTOR3,5
LAMTOR4,5
LAMTOR5,5
LANCL1,0
LANCL2,0
LAPTM4A,5
LAPTM4B,4
LARGE1,0
LARGE2,2
LARP1,0
LARP1B,3
LARP4,5
LARRPM,5
LARS1,0
LARS2,0
LAT,5
LAT2,1
LATS1,4
LBH,4
LBHD1,4
LBX1,0
LBX1-AS1,1
LBX2,3
LBX2-AS1,4
LCA5,4
LCA5L,3
LCAT,5
LCLAT1,5
LCMT1-AS1,3
LCMT2,5
LCOR,5
LCORL,5
LCP1,0
LCTL,5
LDAF1,1
LDAH,4
LDB1,0
LDHA,0
LDHC,3
LDLR,1
LDLRAD3,2
LDLRAD4,0
LDOC1,4
LEMD3,4
LEO1,5
LEPR,4
LEPROT,5
LETM1,0
LETM2,5
LFNG,3
LGALS1,4
LGALS3,3
LGALS3BP,0
LGALSL,5
LGMN,4
LGR4,4
LGR5,0
LHFPL2,5
LHFPL6,1
LHPP,4
LHX2,4
LHX4,3
LHX4-AS1,3
LHX6,5
LHX8,1
LHX9,5
LIAS,5
LIAT1,1
LIFR-AS1,5
LIG1,0
LIG3,0
LIG4,1
LIMA1,4
LIMCH1,4
LIMD2,0
LIME1,5
LIMK1,0
LIN28B,4
LIN37,3
LIN52,1
LIN54,5
LIN7B,1
LIN7C,5
LIN9,5
LINC-PINT,1
LINC00174,5
LINC00265,4
LINC00294,0
LINC00339,3
LINC00342,5
LINC00467,1
LINC00471,3
LINC00472,3
LINC00491,5
LINC00623,4
LINC00632,5
LINC00641,4
LINC00648,0
LINC00649,1
LINC00662,5
LINC00665,4
LINC00667,4
LINC00673,3
LINC00674,0
LINC00693,1
LINC00839,5
LINC00847,5
LINC00857,1
LINC00858,4
LINC00863,1
LINC00869,3
LINC00910,1
LINC00938,5
LINC00958,3
LINC00963,1
LINC00987,5
LINC00997,4
LINC00999,5
LINC01000,3
LINC01003,1
LINC01004,3
LINC01061,3
LINC01089,5
LINC01116,3
LINC01126,1
LINC01128,0
LINC01138,4
LINC01140,3
LINC01145,1
LINC01232,1
LINC01234,0
LINC01311,3
LINC01315,4
LINC01355,3
LINC01410,3
LINC01419,3
LINC01446,5
LINC01515,4
LINC01521,4
LINC01535,3
LINC01547,1
LINC01551,3
LINC01560,4
LINC01569,3
LINC01572,3
LINC01605,1
LINC01719,1
LINC01806,5
LINC01881,3
LINC01963,1
LINC02035,4
LINC02043,1
LINC02315,5
LINC02381,2
LINC02506,4
LINC02593,4
LINC02603,1
LINC02604,3
LINC02693,5
LINC02893,5
LINC02905,1
LINC02987,5
LINC03006,1
LINC03011,5
LINC03027,3
LINS1,5
LIPA,4
LIPE,4
LIPT1,3
LIPT2,4
LIPT2-AS1,1
LLGL1,0
LLGL2,1
LLPH,5
LLPH-DT,4
LMAN1,4
LMAN2,4
LMBR1,0
LMBRD1,5
LMCD1,3
LMF2,0
LMLN,3
LMNA,0
LMNB2,0
LMO2,4
LMOD1,0
LMTK2,4
LMTK3,4
LMX1B,0
LNP1,1
LNPEP,3
LNPK,0
LNX2,5
LOC100128361,0
LOC100128653,4
LOC100129034,0
LOC100129215,1
LOC100129534,4
LOC100130357,5
LOC100130691,5
LOC100130744,5
LOC100130987,4
LOC100132356,3
LOC100287846,3
LOC100288069,5
LOC100289230,1
LOC100506023,5
LOC100506207,4
LOC100506472,3
LOC100506639,1
LOC100506730,4
LOC100507002,2
LOC100507250,3
LOC100507634,4
LOC100652758,1
LOC100996437,4
LOC101927045,5
LOC101927550,1
LOC101927919,4
LOC101928728,4
LOC101929185,3
LOC101929234,3
LOC101929479,4
LOC101929748,1
LOC101929767,5
LOC102723665,1
LOC102723728,1
LOC102723897,5
LOC102724023,4
LOC102724135,4
LOC102724159,5
LOC102724183,5
LOC102724200,1
LOC102724428,1
LOC102724560,0
LOC102724642,1
LOC105274304,1
LOC105371414,1
LOC105371592,4
LOC105376060,1
LOC155060,4
LOC254896,0
LOC283683,4
LOC286437,3
LOC374443,1
LOC389765,3
LOC389906,3
LOC400499,4
LOC407835,2
LOC642361,5
LOC642846,3
LOC646471,1
LOC646903,4
LOC652276,5
LOC653653,0
LOC728024,1
LOC728715,3
LOC728743,5
LOC729218,3
LOC730101,5
LOC730183,4
LOC90246,0
LONP1,0
LONP2,0
LONRF2,4
LOXL1,0
LOXL1-AS1,4
LOXL2,0
LOXL3,1
LOXL4,1
LPAR1,3
LPAR2,4
LPAR3,4
LPCAT1,4
LPCAT2,0
LPCAT3,4
LPGAT1,0
LPIN1,0
LPIN3,3
LPL,1
LPP,4
LPXN,4
LRAT,5
LRATD2,0
LRBA,0
LRCH1,5
LRCH3,5
LRCH4,4
LRFN1,0
LRFN3,4
LRFN4,4
LRFN5,0
LRIF1,5
LRIG1,2
LRIG2,5
LRP1,2
LRP10,0
LRP12,5
LRP2,0
LRP2BP,4
LRP3,2
LRP4,0
LRP5,0
LRP5L,5
LRP8,4
LRPAP1,4
LRPPRC,0
LRR1,5
LRRC14,5
LRRC17,3
LRRC23,4
LRRC27,4
LRRC28,0
LRRC3,4
LRRC34,1
LRRC37A,3
LRRC37A2,5
LRRC37A3,3
LRRC39,3
LRRC4,3
LRRC40,5
LRRC41,4
LRRC42,5
LRRC45,1
LRRC46,4
LRRC47,0
LRRC49,5
LRRC4B,4
LRRC57,1
LRRC59,3
LRRC61,0
LRRC69,1
LRRC7,4
LRRC75A,5
LRRC75B,1
LRRC8A,0
LRRC8B,5
LRRC8C,0
LRRC8D,5
LRRC8E,5
LRRCC1,4
LRRIQ1,4
LRRIQ3,4
LRRK1,4
LRRK2,1
LRRN2,1
LRRTM2,4
LRRTM4,1
LRTOMT,0
LRWD1,0
LSAMP,0
LSG1,5
LSM1,5
LSM11,5
LSM14A,3
LSM14B,5
LSM4,4
LSM6,5
LSM7,0
LSM8,5
LSMEM1,5
LSR,4
LSS,0
LTA4H,0
LTB4R,3
LTB4R2,5
LTBP1,2
LTBP2,0
LTBP3,0
LTBP4,4
LTBR,1
LTK,4
LTO1,5
LTV1,5
LUC7L,5
LUC7L2,4
LUC7L3,5
LUZP1,1
LXN,4
LYAR,5
LYG1,4
LYN,0
LYPD1,4
LYPD6,0
LYPD6B,5
LYPLA2,0
LYPLA2P2,0
LYPLAL1,1
LYRM4,5
LYRM4-AS1,0
LYRM9,0
LYSMD1,5
LYSMD2,1
LYSMD3,3
LYSMD4,5
LYST,4
LZTFL1,5
LZTS1,4
LZTS2,4
LZTS3,0
M6PR,0
MACF1,0
MACIR,5
MACO1,5
MACROD1,4
MACROD2,3
MACROH2A1,4
MAD1L1,4
MAD2L1,5
MAD2L1BP,5
MAD2L2,2
MAEA,0
MAF,4
MAF1,0
MAFA,1
MAFB,4
MAFK,4
MAGEA1,3
MAGEA12,4
MAGEA3,5
MAGEA6,5
MAGEB2,5
MAGED1,4
MAGED2,4
MAGEE1,4
MAGEF1,5
MAGEH1,1
MAGI2,5
MAGI2-AS3,5
MAGIX,1
MAGOH,5
MAGOHB,5
MAIP1,5
MAK,1
MAK16,5
MALAT1,1
MALSU1,5
MAMDC4,3
MAML1,0
MAML2,4
MAMLD1,1
MAMSTR,5
MAN1A1,4
MAN1A2,4
MAN1B1-DT,5
MAN1C1,2
MAN2B1,0
MAN2B2,2
MAN2C1,4
MANBA,0
MANBAL,5
MANEAL,0
MANF,3
MAOB,5
MAP1A,0
MAP1B,0
MAP1S,4
MAP2K2,0
MAP2K4P1,4
MAP2K6,1
MAP3K1,4
MAP3K10,0
MAP3K11,0
MAP3K12,5
MAP3K14,5
MAP3K15,0
MAP3K2,5
MAP3K2-DT,3
MAP3K21,5
MAP3K5,4
MAP3K6,0
MAP3K8,1
MAP3K9,4
MAP4,0
MAP4K1,4
MAP4K2,0
MAP4K3,5
MAP4K3-DT,5
MAP4K4,0
MAP4K5,0
MAP6D1,0
MAP7D2,1
MAP9,5
MAPK10,1
MAPK11,4
MAPK12,0
MAPK13,4
MAPK14,5
MAPK1IP1L,5
MAPK3,4
MAPK4,1
MAPK8,5
MAPK8IP1,4
MAPK8IP2,0
MAPK8IP3,5
MAPKAP1,0
MAPKAPK2,0
MAPKAPK5,0
MAPKAPK5-AS1,5
MAPRE3,0
MARCHF1,5
MARCHF2,3
MARCHF3,4
MARCHF5,5
MARCHF7,5
MARCHF8,0
MARCHF9,0
MARK1,0
MARK4,2
MARS1,4
MARS2,5
MARVELD3,5
MASP2,3
MAST1,4
MAST2,0
MAST3,4
MAST4,0
MASTL,5
MAT2A,5
MAT2B,5
MATCAP1,1
MATK,0
MATN2,4
MATN3,1
MAX,4
MB21D2,5
MBD3,2
MBD4,5
MBD5,5
MBIP,5
MBLAC1,3
MBLAC2,5
MBNL1-AS1,4
MBNL2,3
MBNL3,0
MBOAT2,0
MBOAT7,0
MBP,3
MC1R,4
MCAT,4
MCCC1,0
MCCC2,4
MCEE,3
MCF2L,0
MCFD2,0
MCIDAS,5
MCL1,5
MCM10,5
MCM3AP,0
MCM3AP-AS1,5
MCM4,2
MCM8,0
MCM9,5
MCOLN1,4
MCOLN3,1
MCPH1,5
MCPH1-DT,1
MCRIP1,2
MCRIP2,4
MCTP1,4
MCTS2,4
MCU,0
MCUB,0
MCUR1,0
MDFIC,2
MDGA1,4
MDGA2,0
MDK,4
MDM2,5
MDM4,5
MDN1,0
MDP1,5
MEA1,5
MEAK7,4
MECOM,4
MECR,2
MED10,5
MED11,5
MED12,0
MED13,4
MED13L,0
MED14,0
MED16,4
MED17,5
MED18,5
MED19,3
MED20,4
MED24,2
MED25,0
MED26,5
MED27,5
MED28,0
MED29,4
MED30,3
MED31,1
MED6,5
MED7,5
MED9,5
MEF2A,4
MEF2C,5
MEGF10,4
MEGF11,1
MEGF6,4
MEGF8,2
MEIOC,1
MEIS1,5
MEIS1-AS3,1
MEIS2,5
MEIS3,0
MELTF,0
MELTF-AS1,4
MEPCE,4
MERTK,0
MESD,3
MESP1,3
MESP2,0
METAP2,0
METRN,0
METRNL,0
METTL1,5
METTL13,0
METTL14,5
METTL15,4
METTL16,5
METTL18,3
METTL21A,4
METTL22,4
METTL23,5
METTL25,1
METTL26,4
METTL8,5
METTL9,4
MEX3B,5
MEX3D,0
MFAP1,5
MFAP2,4
MFAP3,0
MFAP3L,4
MFF-DT,0
MFGE8,0
MFHAS1,2
MFSD12,4
MFSD2A,3
MFSD6,2
MFSD8,1
MGA,4
MGARP,5
MGAT1,4
MGAT2,3
MGAT3,0
MGAT4B,2
MGAT5B,1
MGC12916,3
MGC16275,5
MGC2889,5
MGLL,1
MGME1,5
MGST1,5
MGST2,5
MGST3,5
MIA2,0
MIA3,3
MIATNB,5
MIB1,0
MIB2,4
MICA,0
MICAL1,1
MICAL3,0
MICALL1,2
MICALL2,3
MICOS13,4
MICU1,2
MICU3,1
MID1IP1,5
MID1IP1-AS1,1
MIEF1,4
MIEF2,0
MIEN1,5
MIER1,5
MIER2,3
MIER3,5
MIF4GD-DT,1
MIGA1,5
MIIP,5
MILIP,0
MINCR,5
MINDY2,0
MINPP1,5
MIOS,5
MIPEP,0
MIR1244-2,5
MIR1244-4,1
MIR17HG,5
MIR1915HG,1
MIR25,4
MIR3064,3
MIR3176,0
MIR3654,4
MIR3667HG,4
MIR4292,4
MIR4435-2HG,4
MIR4444-2,4
MIR4453HG,3
MIR4458HG,1
MIR503HG,5
MIR5047,5
MIR600HG,0
MIR646HG,4
MIR762HG,1
MIR924HG,5
MIS12,3
MISP3,4
MITD1,0
MITF,0
MIX23,5
MKI67,0
MKLN1-AS,4
MKNK1,0
MKNK2,0
MKRN2,2
MKRN3,5
MKS1,1
MLEC,3
MLF1-DT,4
MLF2,4
MLH1,3
MLH3,1
MLLT11,5
MLLT3,5
MLST8,0
MLX,5
MLXIPL,3
MLYCD,4
MMAA,5
MMAB,1
MMACHC,5
MME,0
MMP14,4
MMP15,0
MMP16,4
MMP17,4
MMP2,3
MMP24OS,4
MMP25,3
MMP25-AS1,5
MN1,4
MNAT1,5
MND1,5
MNT,4
MNX1,4
MNX1-AS1,1
MOB1A,5
MOB2,5
MOB3A,0
MOB3C,3
MOCOS,4
MOCS1,2
MOCS2-DT,1
MOCS3,0
MOK,0
MON1A,4
MORC2,5
MORC3,5
MORC4,0
MORF4L1,5
MORF4L2-AS1,3
MORN1,3
MORN2,5
MOSMO,5
MOSPD1,5
MOSPD2,5
MOSPD3,4
MOV10,0
MOXD1,0
MPC1,1
MPDU1,4
MPDZ,0
MPG,2
MPHOSPH10,5
MPHOSPH6,5
MPHOSPH9,0
MPLKIP,5
MPND,0
MPP1,4
MPP3,5
MPP7,4
MPPED1,1
MPPED2,4
MPRIP,0
MPST,4
MPV17,4
MPZL2,1
MRAP2,0
MRAS,5
MRC2,2
MRFAP1L1,5
MRFAP1L2,4
MRI1,4
MRM2,5
MRM3,5
MRNIP,1
MROH1,4
MRPL1,5
MRPL10,5
MRPL13,5
MRPL14,5
MRPL15,5
MRPL16,5
MRPL17,5
MRPL18,5
MRPL2,5
MRPL20,2
MRPL22,5
MRPL23,0
MRPL27,0
MRPL30,5
MRPL32,5
MRPL33,5
MRPL36,5
MRPL38,5
MRPL39,5
MRPL4,5
MRPL40,5
MRPL41,4
MRPL42,0
MRPL43,5
MRPL44,5
MRPL45P2,5
MRPL46,5
MRPL47,5
MRPL49,5
MRPL50,5
MRPL51,5
MRPL52,4
MRPL53,5
MRPL55,5
MRPL57,5
MRPL58,1
MRPS11,5
MRPS12,4
MRPS14,5
MRPS16,5
MRPS17,5
MRPS18C,5
MRPS2,4
MRPS21,1
MRPS22,5
MRPS25,5
MRPS26,5
MRPS27,0
MRPS28,5
MRPS30,5
MRPS31,5
MRPS31P5,3
MRPS33,5
MRPS34,4
MRPS35,5
MRPS7,5
MRTFA,4
MRTFB,4
MRTO4,5
MSANTD2,5
MSANTD3,4
MSANTD4,0
MSC,1
MSH3,0
MSH4,5
MSH6,5
MSI2,0
MSL2,5
MSMO1,5
MSN,2
MSRA,0
MSRB1,0
MSRB2,0
MSS51,4
MST1,5
MST1P2,1
MSTO1,3
MSTO2P,3
MSX1,1
MSX2,5
MT1F,1
MT1X,5
MT2A,3
MTA1-DT,4
MTARC1,4
MTARC2,5
MTBP,1
MTCH1,0
MTCL2,4
MTCP1,1
MTDH,3
MTERF1,5
MTERF2,5
MTERF3,1
MTERF4,5
MTF1,5
MTF2,5
MTFMT,1
MTFP1,5
MTFR2,5
MTG2,5
MTHFD1L,0
MTHFD2,0
MTHFS,1
MTLN,0
MTM1,1
MTMR10,3
MTMR11,3
MTMR3,4
MTMR7,3
MTMR8,4
MTMR9,5
MTOR,0
MTPAP,5
MTRES1,5
MTRF1,4
MTRFR,5
MTRNR2L2,5
MTRR,5
MTSS2,0
MTURN,0
MTUS1,0
MTX2,5
MTX3,5
MUC3A,3
MUL1,4
MUS81,4
MUTYH,5
MVB12A,0
MVD,0
MVK,0
MVP,1
MXD1,5
MXD3,4
MXD4,0
MXRA7,4
MXRA8,3
MYADM,5
MYB,1
MYBL1,5
MYBL2,0
MYC,5
MYCBP2,4
MYCL,5
MYDGF,3
MYEF2,0
MYG1,5
MYH10,0
MYH14,2
MYH3,1
MYH9,0
MYL12A,3
MYL12B,5
MYL5,5
MYL6,4
MYLIP,1
MYLK,2
MYLK-AS1,5
MYNN,5
MYO10,0
MYO15B,4
MYO18A,0
MYO1C,0
MYO1D,0
MYO1E,2
MYO1F,1
MYO5A,2
MYO5B,0
MYO5C,0
MYO6,0
MYO7A,1
MYO9B,0
MYOF,1
MYOM2,3
MYORG,0
MYPOP,4
MYRF,0
MYSM1,5
MZF1,5
MZF1-AS1,3
MZT2A,1
MZT2B,0
N4BP1,0
N4BP2,3
N4BP2L2,5
N4BP3,4
NAA16,5
NAA20,5
NAA30,5
NAA35,5
NAA38,0
NAA50,2
NAA80,4
NAAA,2
NAALAD2,3
NABP1,5
NACA2,5
NACA4P,4
NACAD,4
NACC1,0
NACC2,0
NADSYN1,1
NAE1,0
NAF1,5
NAGA,0
NAGK,5
NAGLU,0
NAGS,1
NAIF1,3
NANOS1,0
NANP,1
NANS,3
NAP1L1,4
NAP1L2,4
NAP1L3,4
NAP1L4,4
NAPA,0
NAPB,5
NAPG,5
NAPSA,3
NARF,0
NAT1,1
NAT14,4
NAT8L,0
NATD1,2
NAV1,0
NAV2,0
NAXD,4
NAXE,2
NBAS,0
NBDY,0
NBEA,0
NBEAL1,5
NBEAL2,4
NBPF1,4
NBPF10,1
NBPF11,5
NBPF12,5
NBPF14,5
NBPF19,3
NBPF25P,4
NBPF26,4
NBPF3,4
NBPF8,5
NBPF9,4
NBR2,1
NCALD,1
NCAM1,0
NCAM2,1
NCAPD2,0
NCAPG2,0
NCAPH,2
NCDN,0
NCEH1,5
NCK1,5
NCK1-DT,3
NCK2,0
NCKAP1,4
NCKAP5,0
NCKAP5L,4
NCKIPSD,0
NCL,5
NCLN,0
NCMAP-DT,2
NCOA3,5
NCOA4,5
NCOA5,5
NCOR1,0
NCOR2,0
NCR3LG1,4
NCS1,2
NDC1,2
NDC80,5
NDEL1,5
NDNF,1
NDOR1,4
NDRG2,4
NDRG4,4
NDST1,0
NDUFA11,4
NDUFA12,5
NDUFA13,4
NDUFA2,5
NDUFA7,4
NDUFAB1,5
NDUFAF2,1
NDUFAF3,0
NDUFAF4,5
NDUFAF5,5
NDUFAF6,5
NDUFAF8,2
NDUFB1,5
NDUFB10,4
NDUFB11,4
NDUFB2,5
NDUFB2-AS1,3
NDUFB3,5
NDUFB4,5
NDUFB5,5
NDUFB6,5
NDUFB7,0
NDUFC1,3
NDUFS2,0
NDUFS3,5
NDUFS5,5
NDUFS6,4
NDUFS7,2
NDUFS8,2
NDUFV1,4
NDUFV2,5
NDUFV3,4
NEAT1,3
NEB,3
NEBL,0
NECAB1,0
NECAB2,4
NECAB3,4
NECAP1,5
NECAP2,5
NEDD4,0
NEDD8,5
NEDD9,1
NEFM,3
NEIL1,3
NEIL2,2
NEIL3,5
NEK1,0
NEK10,3
NEK11,4
NEK3,1
NEK6,0
NEK8,4
NEK9,0
NELFB,0
NELFCD,0
NELL1,2
NELL2,0
NEMP2,1
NENF,4
NEO1,0
NES,3
NET1,0
NETO2,5
NEU3,5
NEURL1,1
NEURL1B,2
NEURL2,4
NEURL4,5
NEUROG2,5
NEXMIF,3
NEXN,0
NF1,0
NFASC,0
NFAT5,4
NFATC1,4
NFATC4,1
NFE2L2,5
NFE2L3,0
NFIA,5
NFIB,1
NFIL3,5
NFIX,0
NFKBIA,5
NFKBID,3
NFKBIE,1
NFKBIL1,4
NFKBIZ,5
NFU1,5
NFX1,3
NFXL1,3
NFYA,4
NFYB,5
NFYC,0
NFYC-AS1,1
NGDN,5
NGEF,0
NGFR,4
NGLY1,5
NHERF2,0
NHLH2,4
NHLRC3,3
NHP2,4
NHS,0
NHSL1-AS1,1
NHSL2,1
NHSL3,0
NIBAN1,1
NIBAN2,0
NICN1,4
NICOL1,4
NID1,2
NID2,0
NIF3L1,5
NIFK,5
NIFK-AS1,3
NIM1K,4
NIN,0
NINJ1,4
NINJ2-AS1,4
NINL,4
NIP7,5
NIPA2,2
NIPAL1,5
NIPAL2,1
NIPBL-DT,5
NIPSNAP2,0
NIPSNAP3B,1
NISCH,5
NKAIN1,2
NKAP,0
NKAPP1,4
NKIRAS1,5
NKRF,5
NKX2-1,5
NKX2-2,4
NKX2-3,1
NKX2-4,1
NKX2-5,4
NKX2-8,4
NKX3-1,5
NKX3-2,5
NKX6-1,5
NLGN1,1
NLGN3,1
NLK,3
NLN,2
NLRC3,5
NLRX1,4
NMB,4
NMD3,5
NME1,5
NME2,3
NME3,4
NME4,0
NME5,1
NME6,5
NMI,4
NMNAT1,5
NMNAT3,4
NMRK1,5
NMT1,0
NMU,4
NNAT,5
NNT,2
NOA1,0
NOB1,1
NOC2L,0
NOC2LP2,2
NOC3L,4
NOC4L,0
NOCT,5
NOG,4
NOL10,0
NOL11,5
NOL12,5
NOL3,4
NOL4,4
NOL4L,4
NOL6,0
NOL7,0
NOL8,5
NOLC1,0
NOP10,5
NOP16,5
NOP2,4
NOP53,4
NOP56,5
NOP58,5
NOP9,0
NOPCHAP1,5
NORAD,5
NOS2,0
NOSIP,5
NOTCH1,2
NOTCH2,0
NOTCH2NLA,4
NOTCH2NLB,1
NOTCH3,2
NOVA2,4
NOX1,1
NOXA1,1
NOXO1,4
NPAS1,0
NPAT,5
NPB,1
NPC1,2
NPC2,2
NPDC1,5
NPEPPS,4
NPHP3,3
NPHP3-ACAD11,3
NPIPB11,3
NPIPB15,3
NPIPB3,4
NPIPB4,3
NPIPB5,3
NPL,5
NPLOC4,0
NPM1,5
NPM3,0
NPNT,1
NPPC,1
NPRL3,0
NPTN-IT1,3
NPTX1,2
NPTXR,0
NPY1R,3
NQO1,0
NQO2,2
NR0B1,5
NR1D1,5
NR1D2,0
NR1H3,4
NR1I3,4
NR2C1,5
NR2C2AP,5
NR2F1,4
NR2F1-AS1,4
NR2F2,5
NR2F6,0
NR3C1,0
NR3C2,1
NR4A1,1
NR4A2,5
NR4A3,5
NR5A2,3
NR6A1,5
NRARP,1
NRAS,0
NRAV,5
NRBF2,0
NRBP1,5
NRBP2,4
NRCAM,0
NRDC,0
NRDE2,5
NREP,1
NRF1,5
NRG2,4
NRG4,3
NRGN,2
NRIP2,5
NRL,1
NRP1,5
NRROS,5
NRSN2,0
NRSN2-AS1,4
NRTN,0
NRXN2,1
NRXN3,1
NSD1,4
NSD2,0
NSDHL,0
NSF,5
NSG1,4
NSMAF,0
NSMCE2,0
NSMCE4A,5
NSMF,0
NSRP1,5
NSUN2,0
NSUN3,3
NSUN4,5
NSUN5,0
NSUN5P1,1
NSUN5P2,4
NSUN6,5
NT5C,4
NT5C1A,4
NT5C3A,3
NT5C3B,4
NT5DC2,4
NT5DC3,5
NT5M,3
NTAQ1,5
NTHL1,0
NTMT1,5
NTMT2,4
NTN1,2
NTN4,4
NTPCR,5
NTRK2,4
NUAK1,0
NUAK2,4
NUBP1,5
NUBP2,0
NUCB1,0
NUCB2,3
NUCKS1,0
NUDCD1,5
NUDCD2,5
NUDT1,5
NUDT10,2
NUDT11,5
NUDT12,5
NUDT13,3
NUDT14,3
NUDT16L1,4
NUDT17,4
NUDT18,4
NUDT19,4
NUDT2,5
NUDT22,0
NUDT3,4
NUDT4,5
NUDT6,1
NUDT8,2
NUDT9,5
NUF2,5
NUFIP1,3
NUFIP2,5
NUMA1,0
NUMB,0
NUMBL,4
NUP153,5
NUP188,0
NUP205,0
NUP210,2
NUP214,0
NUP35,5
NUP37,5
NUP50,5
NUP50-DT,1
NUP54,5
NUP58,0
NUP62,5
NUP62CL,2
NUTM2A,3
NUTM2A-AS1,4
NUTM2B,3
NUTM2B-AS1,4
NUTM2D,1
NUTM2G,4
NXF1,4
NXN,0
NXPE3,0
NXPH2,1
NXPH4,4
NXT1,0
NYNRIN,0
OAF,0
OARD1,5
OAS3,2
OAZ1,4
OAZ3,4
OBI1,5
OBSCN,4
OBSL1,0
OCA2,0
OCEL1,4
OCLN,1
OCRL,4
ODAD3,4
ODAD4,4
ODC1,0
ODC1-DT,5
ODF2L,5
ODR4,5
OFD1,4
OGDH,0
OGDHL,4
OGFOD1,5
OGFOD2,5
OGFOD3,1
OGFRL1,0
OGFRP1,1
OGT,5
OIP5,0
OLFM1,1
OLFM2,2
OLFML2A,3
OLFML2B,2
OLIG2,5
OLMALINC,1
OMA1,5
ONECUT1,4
OPN3,1
OPTN,0
ORAI1,4
ORAI2,0
ORAI3,1
ORC2,5
ORC3,5
ORC5,5
ORC6,5
ORMDL1,5
ORMDL2,5
ORMDL3,5
OS9,4
OSBP,3
OSBPL1A,0
OSBPL5,4
OSBPL7,5
OSBPL8,0
OSCP1,4
OSER1,5
OSER1-DT,3
OSGEPL1,5
OSGIN2,5
OSMR,1
OSR1,5
OSR2,5
OST4,5
OSTC,3
OTOG,4
OTUD1,5
OTUD3,5
OTUD4,4
OTUD6B,5
OTUD6B-AS1,3
OTUD7B,5
OTX1,3
OTX2,5
OVCA2,3
OVGP1,5
OXLD1,5
OXNAD1,5
OXR1,5
OXSM,4
OXTR,4
P2RX4,4
P2RX5-TAX1BP3,4
P2RY1,5
P2RY11,1
P2RY2,4
P3H1,4
P3H4,2
P4HA2,4
PA2G4,0
PA2G4P4,0
PAAF1,2
PABIR1,5
PABIR2,0
PABIR3,1
PABPC1,4
PABPC1L,3
PABPC3,4
PABPC4,2
PABPC4L,4
PABPN1,4
PACC1,5
PACRGL,5
PACS1,0
PACS2,0
PACSIN1,4
PACSIN3,0
PADI2,3
PAFAH2,3
PAG1,1
PAGR1,5
PAK1IP1,5
PAK3,1
PAK4,0
PAK5,4
PALB2,5
PALD1,0
PALLD,0
PALM,0
PALM3,0
PALMD,1
PAM,0
PAN2,5
PANDAR,1
PANK1,5
PANK2,5
PANK3,5
PANTR1,1
PANX1,3
PANX2,2
PAOX,4
PAPLN,3
PAPOLA,4
PAPOLA-DT,5
PAPOLG,5
PAPSS1,0
PAPSS2,0
PAQR3,2
PAQR4,1
PAQR5,0
PAQR6,5
PAQR7,5
PAQR8,2
PAQR9,3
PARAIL,5
PARD3B,4
PARD6A,0
PARD6B,5
PARD6G,0
PARGP1,3
PARM1,5
PARP1,0
PARP16,5
PARP2,5
PARP3,1
PARP4,4
PARP6,5
PARP8,5
PARP9,1
PARS2,3
PARTICL,4
PARVB,4
PARVG,0
PASK,0
PATJ,4
PATZ1,4
PAX1,3
PAX2,0
PAX3,5
PAX6,3
PAX7,0
PAX9,1
PAXBP1,5
PAXBP1-AS1,1
PAXIP1,5
PAXIP1-AS2,4
PAXIP1-DT,0
PAXX,0
PBDC1,5
PBK,5
PBLD,5
PBRM1,0
PBX2,4
PBX4,1
PBXIP1,3
PC,0
PCBD1,4
PCBD2,5
PCBP1,5
PCBP1-AS1,4
PCBP2,2
PCBP3,4
PCBP4,0
PCDH1,1
PCDH10-DT,4
PCDH17,0
PCDH18,5
PCDH19,0
PCDH20,1
PCDHGA11,0
PCDHGC3,2
PCDHGC4,1
PCED1A,4
PCF11,5
PCGF1,5
PCGF3,0
PCGF3-AS1,3
PCGF6,1
PCK2,4
PCLO,5
PCM1,0
PCMTD1,5
PCMTD2,0
PCNA,5
PCNT,0
PCNX1,0
PCOLCE,4
PCOLCE2,0
PCSK1N,0
PCSK4,3
PCSK6,2
PCTP,3
PCYOX1,4
PCYOX1L,2
PCYT1A,0
PCYT1B,4
PCYT2,0
PDAP1,2
PDCD10,5
PDCD2L,0
PDCD4-AS1,1
PDCD5,5
PDCD6IPP2,4
PDCD7,5
PDCL,1
PDCL3,5
PDE11A,0
PDE12,5
PDE1A,2
PDE1B,0
PDE3A,1
PDE4A,0
PDE4D,4
PDE4DIPP2,3
PDE4DIPP6,3
PDE7A,5
PDE8A,4
PDE9A,1
PDF,4
PDGFA,3
PDGFC,1
PDGFD,4
PDGFRA,4
PDGFRL,0
PDIA2,4
PDIA3,3
PDIA3P1,4
PDIA4,3
PDIA5,5
PDIK1L,4
PDK1,1
PDK2,2
PDK3,0
PDK4,1
PDLIM2,1
PDLIM4,4
PDP1,5
PDP2,5
PDPK1,0
PDPN,5
PDPR,4
PDPR2P,4
PDRG1,1
PDS5A,0
PDX1,4
PDXDC1,0
PDXDC2P-NPIPB14P,3
PDXK,0
PDXP,4
PDZD2,4
PDZD4,4
PDZD7,1
PDZD8,0
PDZRN3,4
PEA15,5
PEAK1,0
PECR,4
PEF1,0
PEG10,4
PELI3,0
PELO,5
PELP1,0
PEMT,4
PEPD,2
PER1,0
PER2,4
PER3,0
PERP,0
PES1,4
PET100,1
PET117,4
PEX10,4
PEX11A,5
PEX11B,3
PEX11G,0
PEX12,5
PEX13,5
PEX14,4
PEX16,0
PEX19,0
PEX26,0
PEX3,5
PEX6,0
PEX7,5
PFAS,0
PFDN2,4
PFDN4,5
PFDN5,0
PFKFB2,4
PFKFB4,0
PFKL,0
PFKM,4
PFKP,2
PFN1,0
PFN1P2,3
PGAM2,3
PGAM4,4
PGAP2,4
PGAP3,1
PGAP6,2
PGBD1,1
PGBD2,5
PGBD4,3
PGF,0
PGGHG,3
PGGT1B,5
PGLS,4
PGM1,0
PGM3,3
PGM5,1
PGP,0
PGPEP1,0
PGRMC2,5
PGS1,4
PHACTR1,3
PHACTR2,0
PHACTR3,1
PHAF1,5
PHAX,5
PHB1,0
PHB2,4
PHC1,0
PHC2,0
PHC3,5
PHETA1,4
PHF11,3
PHF12,4
PHF19,1
PHF21B,1
PHF23,5
PHF3,0
PHF5A,5
PHF7,1
PHF8,0
PHGDH,2
PHKA1,4
PHKA2,4
PHKB,0
PHKG2,5
PHLDA1,4
PHLDA3,1
PHLDB2,0
PHLDB3,4
PHLPP2,5
PHOSPHO1,3
PHOSPHO2,3
PHTF2,5
PHYH,5
PHYKPL,3
PI15,4
PI4K2A,5
PI4K2B,0
PI4KA,0
PI4KAP1,3
PI4KAP2,5
PIANP,4
PIAS1,5
PIAS2,0
PIAS4,4
PIBF1,5
PIDD1,5
PIERCE1,3
PIERCE2,4
PIEZO2,0
PIF1,4
PIGA,5
PIGG,2
PIGL,3
PIGN,1
PIGP,5
PIGQ,2
PIGS,0
PIGT,2
PIGV,3
PIGZ,4
PIH1D2,1
PIK3AP1,2
PIK3C2A,0
PIK3C2B,0
PIK3CA,3
PIK3CD,2
PIK3CD-AS2,1
PIK3IP1,4
PIK3R2,2
PIK3R3,5
PIM1,5
PIM2,5
PIM3,5
PIMREG,0
PIN1,0
PIN4,5
PIN4P1,1
PINK1,0
PINK1-AS,4
PINX1,5
PIP4K2A,5
PIP4K2C,0
PIP4P1,4
PIP5K1A,4
PIP5K1B,1
PIP5K1C,0
PIR,1
PITHD1,5
PITPNA-AS1,5
PITPNB,5
PITPNM3,4
PITRM1,0
PITX1,0
PITX1-AS1,1
PITX2,5
PITX3,4
PJA2,3
PJVK,1
PKD1,4
PKDREJ,3
PKIB,1
PKIG,4
PKM,2
PKMYT1,0
PKN1,0
PKNOX1,4
PKP2,2
PKP4,0
PLA2G15,1
PLA2G6,3
PLA2G7,3
PLAA,5
PLAAT1,4
PLAAT3,0
PLAC1,1
PLAC8L1,5
PLAG1,5
PLAGL1,0
PLAT,4
PLAUR,5
PLBD2,0
PLCB1,0
PLCB2,0
PLCB3,0
PLCB4,1
PLCD1,4
PLCD3,0
PLCG1,0
PLCH1,4
PLCXD2,4
PLD2,1
PLD3,2
PLD6,5
PLEC,0
PLEKHA1,5
PLEKHA2,0
PLEKHA3,5
PLEKHA4,1
PLEKHA5,1
PLEKHA6,1
PLEKHA7,4
PLEKHB1,1
PLEKHF1,3
PLEKHF2,5
PLEKHG1,3
PLEKHG4,4
PLEKHG5,4
PLEKHH1,0
PLEKHH2,4
PLEKHH3,4
PLEKHJ1,0
PLEKHM1P1,3
PLEKHM2,4
PLEKHM3,5
PLEKHO2,5
PLGRKT,1
PLIN2,1
PLIN4,4
PLK2,1
PLK3,5
PLK4,5
PLLP,1
PLOD1,0
PLOD2,4
PLOD3,2
PLP2,2
PLPP3,1
PLPP4,4
PLPP5,3
PLPP7,1
PLPPR2,2
PLPPR3,2
PLPPR4,4
PLRG1,5
PLS3,0
PLSCR1,5
PLSCR4,5
PLTP,0
PLXNA1,2
PLXNA2,0
PLXNA3,4
PLXNB2,0
PLXNC1,3
PLXND1,0
PM20D1-AS1,1
PM20D2,4
PMAIP1,5
PMEL,1
PMEPA1,4
PMF1,2
PMFBP1,3
PML,0
PMM1,4
PMM2,5
PMS1,5
PMS2CL,5
PMS2P3,3
PMS2P4,2
PNISR,5
PNISR-AS1,3
PNKD,1
PNKP,5
PNMA1,0
PNMA3,5
PNMA8A,4
PNN,5
PNO1,4
PNP,5
PNPLA2,0
PNPLA6,0
PNPLA7,3
PNPO,4
PNPT1,2
PNRC1,5
PNRC2,5
POC1A,0
POC5,4
PODXL,0
PODXL2,4
POFUT1,0
POGK,5
POGLUT1,5
POGLUT2,2
POGZ,5
POLA1,0
POLA2,2
POLB,5
POLD1,0
POLD2,0
POLD3,4
POLD4,4
POLDIP2,0
POLDIP3,0
POLE,0
POLE2,5
POLE3,5
POLG,0
POLG2,3
POLI,3
POLK,5
POLR1A,0
POLR1B,5
POLR1C,5
POLR1E,5
POLR1F,5
POLR1G,0
POLR2A,4
POLR2B,0
POLR2D,5
POLR2E,4
POLR2F,5
POLR2G,5
POLR2I,5
POLR2J,5
POLR2J3,4
POLR2J4,1
POLR2K,5
POLR2L,0
POLR2M,4
POLR3B,0
POLR3C,5
POLR3D,4
POLR3F,5
POLR3H,0
POLR3K,0
POLRMT,0
POMK,5
POMP,5
POMT1,0
PON2,5
POP1,4
POP4,5
POP5,5
POP7,5
POPDC3,3
POR,4
PORCN,4
POT1,5
POTEE,1
POTEJ,4
POU2F1,4
POU3F1,1
POU3F2,5
POU3F3,3
POU6F1,0
PPAN,5
PPARG,0
PPARGC1A,4
PPARGC1B,5
PPAT,4
PPCDC,4
PPCS,5
PPDPF,4
PPFIA1,0
PPFIA2,3
PPFIA3,5
PPFIA4,4
PPFIBP2,1
PPHLN1,5
PPID,5
PPIE,5
PPIEL,3
PPIF,5
PPIG,5
PPIL1,5
PPIL2,0
PPIL3,5
PPIL4,5
PPIL6,4
PPM1B,5
PPM1D,5
PPM1F,0
PPM1G,0
PPM1H,0
PPM1J,0
PPM1K,0
PPM1M,4
PPM1N,4
PPME1,0
PPP1R12B,4
PPP1R12C,4
PPP1R13L,0
PPP1R14A,4
PPP1R14B,5
PPP1R14C,0
PPP1R15A,5
PPP1R15B,5
PPP1R16A,4
PPP1R16B,3
PPP1R1A,4
PPP1R2,0
PPP1R21,4
PPP1R26-AS1,4
PPP1R2B,1
PPP1R35,1
PPP1R3B,5
PPP1R3D,5
PPP1R3E,5
PPP1R7,2
PPP1R8,5
PPP2CB,5
PPP2R1A,2
PPP2R2A,5
PPP2R2C,0
PPP2R5A,0
PPP2R5B,3
PPP3CC,0
PPP3R1,0
PPP4C,5
PPP4R1L,4
PPP4R2,5
PPP4R3B,5
PPP5D1P,4
PPP6R2,0
PPRC1,4
PPT1,2
PPTC7,5
PPWD1,5
PRADC1,4
PRAF2,1
PRCP,4
PRDM10,4
PRDM11,4
PRDM13,5
PRDM15,5
PRDM16,0
PRDM16-DT,4
PRDM2,5
PRDM5,3
PRDM6,3
PRDM8,3
PRDX2,5
PRDX4,0
PRDX5,2
PREB,3
PRELID1,0
PRELID2,1
PRELID3A,4
PREX1,0
PREX2,0
PRICKLE1,0
PRICKLE2,3
PRICKLE3,4
PRICKLE4,5
PRIM1,5
PRIMPOL,3
PRKAA1,5
PRKAB1,5
PRKAB2,5
PRKACA,4
PRKACB,5
PRKAG2-AS1,5
PRKAR1B,0
PRKAR2A,0
PRKAR2A-AS1,4
PRKAR2B,0
PRKCA,0
PRKCB,0
PRKCD,2
PRKCH,4
PRKCQ,1
PRKCQ-AS1,5
PRKCSH,2
PRKCZ-AS1,3
PRKD1,2
PRKDC,0
PRKG1,4
PRKG2,0
PRKRA,5
PRKRIP1,3
PRKX,0
PRKXP1,5
PRMT1,0
PRMT2,0
PRMT5,5
PRMT9,5
PRNCR1,1
PROB1,1
PROCA1,4
PROCR,4
PROK2,3
PRORSD1P,1
PROS1,2
PROSER1,0
PROX1,3
PROX2,0
PRPF3,5
PRPF31,5
PRPF39,4
PRPF4,5
PRPF40B,0
PRPS1,2
PRPSAP2,5
PRR11,4
PRR12,4
PRR13,4
PRR14L,4
PRR15,4
PRR16,4
PRR19,1
PRR22,1
PRR36,3
PRR5,4
PRR5L,4
PRR7,4
PRRC1,3
PRRC2A,0
PRRC2B,0
PRRC2C,0
PRRG4,5
PRRT2,4
PRRT3,1
PRRT4,1
PRRX1,1
PRSS12,2
PRSS16,3
PRSS23,0
PRSS27,5
PRSS30P,3
PRSS35,1
PRSS53,1
PRTFDC1,4
PRUNE1,5
PRUNE2,0
PRX,3
PRXL2A,4
PRXL2C,3
PSAP,0
PSAT1,0
PSD4,3
PSENEN,5
PSKH1,0
PSMA2,5
PSMA3,0
PSMA3-AS1,3
PSMA5,5
PSMA7,4
PSMB1,5
PSMB10,4
PSMB4,5
PSMB6,5
PSMC3IP,5
PSMC6,5
PSMD12,5
PSMD2,0
PSMD3,0
PSMD4,0
PSMD5,5
PSMD6-AS2,3
PSMD9,5
PSME1,4
PSME2,1
PSME4,0
PSMG2,5
PSMG3,5
PSMG3-AS1,3
PSMG4,5
PSPH,4
PSTK,1
PTAFR,4
PTAR1,5
PTBP2,5
PTCD2,4
PTCD3,2
PTCH1,4
PTCH2,3
PTCHD1,1
PTDSS1,4
PTGER2,4
PTGER4P2-CDK2AP2P2,3
PTGES,3
PTGES2,2
PTGES3,4
PTGFRN,0
PTGIS,4
PTGS2,5
PTK2B,1
PTK7,2
PTMA,5
PTMAP12,3
PTMAP9,5
PTMS,4
PTN,5
PTOV1,4
PTOV1-AS2,5
PTP4A1,5
PTP4A2,2
PTPDC1,0
PTPN1,0
PTPN11,4
PTPN13,0
PTPN14,4
PTPN18,2
PTPN2,5
PTPN21,4
PTPN23,0
PTPN6,4
PTPRF,2
PTPRG,0
PTPRJ,5
PTPRS,0
PTPRU,2
PTPRZ1,2
PTRH1,4
PTRH2,5
PTS,0
PTTG1,5
PTTG1IP,2
PTX3,1
PUF60,2
PUM3,5
PURB,5
PURG,1
PURPL,4
PUS10,3
PUS3,5
PUS7L,5
PUSL1,4
PVR,5
PVRIG,3
PVT1,5
PWWP2A,5
PWWP2B,1
PWWP3B,4
PXDC1,3
PXDN,2
PXK,5
PXMP2,4
PXMP4,1
PXN,0
PXN-AS1,1
PXYLP1,5
PYCR1,0
PYCR2,5
PYGB,0
PYGO1,5
PYGO2,5
PYM1,5
PYROXD2,4
QKI,0
QNG1,5
QPCT,5
QPRT,4
QRFPR,1
QRICH2,4
QRSL1,5
QSER1,0
QSOX1,0
QTRT1,5
QTRT2,5
R3HCC1L,2
R3HDM1,0
R3HDM2,0
R3HDM4,4
RAB11B-AS1,1
RAB11FIP2,4
RAB11FIP4,0
RAB11FIP5,4
RAB12,5
RAB15,0
RAB18,5
RAB1A,5
RAB1B,0
RAB20,5
RAB22A,5
RAB23,5
RAB24,5
RAB26,3
RAB27B,4
RAB28,5
RAB29,5
RAB2B,5
RAB30,3
RAB30-DT,5
RAB31,0
RAB33B,3
RAB34,0
RAB36,4
RAB38,5
RAB39A,0
RAB39B,3
RAB3A,1
RAB3B,1
RAB3C,5
RAB3IL1,0
RAB40A,5
RAB40B,1
RAB40C,4
RAB43,4
RAB5A,5
RAB6C,3
RAB6D,1
RAB8B,5
RAB9A,5
RAB9B,4
RABAC1,5
RABEP1,0
RABEP2,0
RABGAP1,5
RABGEF1,5
RABGGTB,4
RABIF,3
RABL2A,1
RABL6,0
RAC3,0
RACGAP1,0
RAD1,5
RAD17,1
RAD18,5
RAD51,5
RAD51AP1,5
RAD51B,5
RAD51C,5
RAD52,5
RAD54B,5
RAD54L,0
RAD54L2,4
RADIL,0
RAE1,5
RAET1G,1
RAET1K,1
RAG1,5
RAI14,0
RALB,4
RALBP1,0
RALGAPA1P1,4
RALGAPA2,0
RALGAPB,0
RALGPS1,1
RALY,0
RALY-AS1,5
RAMAC,5
RAMP1,1
RAMP2,4
RAMP2-AS1,1
RAN,0
RANBP1,5
RANBP10,4
RANBP2,0
RANBP6,5
RANBP9,0
RANGAP1,0
RANGRF,5
RAP1GAP,4
RAP1GAP2,4
RAP1GDS1,0
RAP2A,0
RAP2B,5
RAP2C-AS1,3
RAPGEF1,0
RAPGEF4,1
RAPGEF5,4
RAPGEF6,5
RAPGEFL1,5
RAPH1,5
RARA,4
RARB,5
RARG,0
RASA2,5
RASA3,0
RASAL1,1
RASAL2-AS1,3
RASD2,3
RASEF,3
RASGEF1B,5
RASGEF1C,0
RASGRP2,5
RASIP1,4
RASL10B,0
RASL11A,5
RASL11B,5
RASSF1,5
RASSF2,1
RASSF3,4
RASSF4,3
RASSF5,4
RASSF7,4
RASSF8,0
RASSF9,1
RAVER1,0
RB1CC1,0
RBAK,5
RBBP4,5
RBBP5,5
RBBP6,0
RBBP9,1
RBFA,0
RBFOX2,4
RBFOX3,3
RBIS,4
RBKS,3
RBL1,5
RBL2,4
RBM10,0
RBM11,5
RBM12B,5
RBM12B-AS1,4
RBM14,0
RBM15,5
RBM15-AS1,5
RBM17,5
RBM18,5
RBM22,5
RBM24,1
RBM26,5
RBM26-AS1,5
RBM28,4
RBM33,4
RBM33-DT,3
RBM34,5
RBM38,4
RBM39,5
RBM4,5
RBM41,4
RBM42,0
RBM43,5
RBM45,0
RBM48,5
RBM4B,3
RBM5,5
RBM5-AS1,5
RBM6,5
RBM7,5
RBM8A,5
RBMS1,0
RBMS2,4
RBMS3,1
RBMX2,5
RBP1,1
RBP7,5
RBPMS,4
RBPMS2,0
RBX1,5
RC3H1,4
RC3H2,4
RCAN1,0
RCAN2,0
RCAN3,2
RCBTB1,0
RCBTB2,4
RCCD1,4
RCE1,5
RCHY1,5
RCL1,0
RCN2,2
RCN3,1
RCOR1,5
RCOR2,1
RCOR3,5
RDH11,2
RDH14,5
RDX,0
REC8,4
RECK,4
RECQL,0
RECQL4,5
RECQL5,3
REEP1,4
REEP2,2
REEP6,0
REL,3
RELB,4
RELL1,5
RELL2,4
RELT,5
RENBP,0
REPIN1,2
REPS2,1
RERG,0
REST,5
RET,1
RETREG1,2
RETREG2,2
RETREG3,2
RETSAT,0
REX1BD,0
REXO1,0
REXO4,4
RFC2,5
RFC4,5
RFESD,5
RFFL,5
RFLNB,2
RFTN1,3
RFTN2,3
RFX1,1
RFX2,2
RFX3,5
RFX6,3
RFX7,5
RFXANK,2
RFXAP,1
RGCC,4
RGL1,2
RGMA,4
RGMB,4
RGPD3,1
RGPD4,5
RGPD8,3
RGS12,5
RGS14,0
RGS16,4
RGS19,4
RGS2,5
RGS3,4
RGS4,5
RGS5,4
RGS7,1
RGS9BP,5
RHBDD2,2
RHBDD3,5
RHBDF2,0
RHBDL1,4
RHBDL3,0
RHEB,0
RHNO1,5
RHOB,5
RHOBTB1,3
RHOBTB2,0
RHOBTB3,0
RHOC,1
RHOF,4
RHOG,5
RHOQ,0
RHOT2,4
RHOU,4
RHOV,5
RHPN1,4
RHPN1-AS1,1
RHPN2,5
RIBC2,1
RIC8B,3
RICTOR,5
RIDA,0
RIF1,4
RIGI,4
RILPL2,0
RIMBP3,1
RIMKLA,1
RIMKLB,5
RIMOC1,0
RIMS2,1
RIMS3,0
RIMS4,0
RIN2,4
RIN3,0
RIOK1,5
RIOK2,5
RIOX1,0
RIPK1,1
RIPK2,0
RIPPLY3,1
RIT1,5
RITA1,0
RLF,5
RLIG1,5
RLIM,5
RLN2,5
RMDN2,1
RMI1,5
RMI2,0
RMND1,5
RMRP,0
RN7SK,1
RN7SL1,1
RN7SL2,1
RNASE4,3
RNASEH2B,0
RNASEL,3
RNASET2,0
RND1,1
RND2,4
RND3,5
RNF103,5
RNF11,5
RNF111,5
RNF113A,5
RNF121,5
RNF122,5
RNF123,3
RNF125,4
RNF126,5
RNF128,5
RNF130,2
RNF135,5
RNF138,5
RNF138P1,5
RNF139,5
RNF139-DT,1
RNF14,5
RNF141,5
RNF144A,2
RNF144B,4
RNF146,5
RNF149,5
RNF152,3
RNF157,0
RNF167,2
RNF168,5
RNF169,5
RNF17,3
RNF170,4
RNF181,5
RNF182,4
RNF185,5
RNF187,2
RNF19A,1
RNF19B,5
RNF207,1
RNF208,1
RNF213,0
RNF214,5
RNF215,5
RNF216,4
RNF216P1,5
RNF227,5
RNF24,5
RNF25,5
RNF26,2
RNF31,4
RNF32,0
RNF34,5
RNF4,5
RNF40,0
RNF43,4
RNF44,5
RNF5P1,4
RNF6,5
RNF7,5
RNF8,0
RNFT1-DT,4
RNGTT,1
RNMT,4
RNPC3,5
RNPEP,4
RNPEPL1,0
RNPS1,4
RO60,0
ROBO3,4
ROCK1P1,4
ROGDI,4
ROMO1,1
ROR2,1
RORA,5
RORB,4
RP9,5
RP9P,5
RPA2,5
RPAIN,5
RPAP1,0
RPAP2,5
RPAP3,5
RPF1,5
RPF2,5
RPH3AL,1
RPL10,0
RPL10A,4
RPL13,4
RPL13AP20,5
RPL13AP6,1
RPL17,3
RPL18A,2
RPL19P12,1
RPL21,5
RPL21P28,4
RPL22L1,4
RPL23A,5
RPL23AP53,1
RPL23AP7,4
RPL23AP82,0
RPL23P8,1
RPL24,5
RPL26,5
RPL26L1,5
RPL28,4
RPL29,4
RPL3,4
RPL32P3,3
RPL34,4
RPL35,5
RPL36,4
RPL36A,5
RPL36AL,5
RPL37,4
RPL37A,5
RPL39,5
RPL39L,5
RPL4,4
RPL41,1
RPL5,0
RPL9,5
RPLP0,4
RPLP1,4
RPLP2,0
RPN1,0
RPN2,0
RPP14,5
RPP25,0
RPP25L,5
RPP30,5
RPP38,5
RPP40,5
RPRD1A,0
RPRD1B,5
RPRD2,5
RPRM,5
RPRML,1
RPS14P3,4
RPS15,5
RPS16,5
RPS19,0
RPS19BP1,0
RPS2,0
RPS20,4
RPS21,4
RPS25,4
RPS27,0
RPS28,4
RPS29,4
RPS6,4
RPS6KA2,0
RPS6KA3,0
RPS6KA4,4
RPS6KA5,5
RPS6KA6,4
RPS6KB2,4
RPS6KC1,4
RPS6KL1,5
RPS9,3
RPSA,0
RPSA2,0
RPSAP9,1
RPTOR,0
RPUSD1,0
RPUSD2,5
RPUSD4,4
RRAGC,5
RRAS,1
RRAS2,1
RRBP1,3
RREB1,0
RRN3P1,3
RRN3P3,4
RRP1,0
RRP12,0
RRP15,5
RRP36,5
RRP7BP,5
RRP8,5
RRP9,4
RRS1,5
RSAD1,4
RSBN1,5
RSBN1L,5
RSC1A1,1
RSKR,3
RSL1D1,5
RSPH3,4
RSPH4A,5
RSRC2,5
RSRP1,3
RTEL1,1
RTKN,0
RTL10,5
RTL5,5
RTL8B,0
RTL8C,0
RTN1,0
RTN2,2
RTN4,0
RTN4IP1,4
RTN4R,0
RTN4RL1,0
RTN4RL2,0
RUBCNL,1
RUFY2,5
RUNDC1,5
RUNX1,1
RUNX1T1,4
RUNX2,5
RUNX3,1
RUSC1,4
RUSC2,0
RUVBL1,2
RWDD2A,3
RWDD3,5
RXRA,0
RXRG,1
RXYLT1,5
RYBP,4
RYK,0
RYR2,4
RYR3,5
S100A1,1
S100A10,2
S100A4,1
S100PBP,5
S1PR1,4
S1PR2,5
S1PR5,5
SAC3D1,0
SALL4,3
SAMD1,0
SAMD10,0
SAMD11,4
SAMD12,3
SAMD13,3
SAMD14,4
SAMD15,1
SAMD4B,0
SAMD9,0
SANBR,3
SAP130,0
SAP18,5
SAP25,5
SAP30,5
SAP30BP,5
SAPCD2,0
SAR1A,5
SAR1B,5
SARDH,0
SARM1,4
SART1,0
SART3,0
SASS6,5
SAT1,1
SAT2,5
SATB2,5
SAXO2,4
SAXO4,4
SBDS,5
SBDSP1,5
SBF1,0
SBF2,0
SBK1,1
SBNO1,0
SBNO2,4
SBSPON,4
SCAF1,4
SCAF11,4
SCAF4,0
SCAF8,5
SCAI,3
SCAMP1-AS1,5
SCAMP2,0
SCAMP4,0
SCAND1,5
SCAND2P,5
SCAND3,5
SCAP,0
SCARA3,0
SCARB1,0
SCARF2,2
SCARNA12,3
SCART1,4
SCD,0
SCD5,4
SCFD1,5
SCIN,3
SCLT1,5
SCML2,5
SCN1B,4
SCN2A,1
SCN2B,3
SCN3B,3
SCN4A,0
SCN4B,4
SCN5A,0
SCN8A,5
SCN9A,4
SCNM1,1
SCNN1D,3
SCO1,5
SCOC,5
SCPEP1,0
SCRN1,0
SCRN2,1
SCUBE1,0
SCUBE3,4
SCX,3
SCYL1,0
SCYL3,5
SDC1,1
SDC3,0
SDC4,5
SDCBP2-AS1,5
SDE2,5
SDF2,3
SDF2L1,3
SDHAF1,5
SDHAF3,5
SDHAF4,1
SDHAP1,5
SDHAP3,3
SDHAP4,4
SDK1,0
SDK2,2
SDSL,1
SEC11C,5
SEC13,5
SEC14L2,0
SEC16A,0
SEC22A,3
SEC22B,5
SEC23B,3
SEC23IP,4
SEC24A,5
SEC24B,5
SEC24C,4
SEC24D,3
SEC31A,0
SEC31B,3
SEC61A1,3
SEC61B,3
SEC61G,3
SEC62,5
SEC63,4
SECISBP2L,5
SEL1L,3
SEL1L3,0
SELENBP1,1
SELENOF,5
SELENOH,5
SELENOK,5
SELENOM,3
SELENON,0
SELENOO,4
SELENOP,1
SELENOS,3
SELENOW,5
SEM1,5
SEMA3A,4
SEMA3B,4
SEMA3C,4
SEMA3D,0
SEMA3F,4
SEMA3G,2
SEMA4A,4
SEMA4B,0
SEMA4C,4
SEMA4F,2
SEMA4G,1
SEMA6A,0
SEMA6B,2
SEMA6C,4
SEMA6D,4
SENP1,4
SENP2,0
SENP3,0
SENP5,3
SENP7,5
SENP8,4
SEPHS2,0
SEPSECS,5
SEPTIN1,4
SEPTIN10,4
SEPTIN11,0
SEPTIN3,0
SEPTIN4,1
SEPTIN6,0
SEPTIN7P14,3
SEPTIN7P2,3
SEPTIN8,0
SEPTIN9,4
SERF2,4
SERHL2,5
SERINC2,0
SERINC5,0
SERP1,3
SERP2,4
SERPINB1,2
SERPINB9,4
SERPINE2,4
SERPINF1,2
SERPING1,4
SERPINH1,4
SERPINI1,4
SERTAD1,5
SERTAD2,5
SERTAD3,5
SERTAD4,0
SERTM1,2
SESN1,5
SESN3,0
SET,0
SETBP1,3
SETD1B,4
SETD2,4
SETD4,5
SETDB2,0
SETMAR,5
SETSIP,2
SETX,4
SEZ6L2,4
SF3A2,0
SF3B4,5
SF3B5,5
SF3B6,5
SFI1,4
SFR1,5
SFRP1,1
SFRP2,4
SFSWAP,4
SFT2D2,4
SFT2D3,5
SFTA3,5
SFXN3,0
SFXN4,0
SFXN5,0
SGCE,5
SGF29,5
SGK1,4
SGMS1,5
SGMS2,4
SGO1,0
SGO2,5
SGPP1,5
SGPP2,1
SGSM1,4
SGSM2,1
SGSM3,4
SGTA,0
SH2B2,4
SH2B3,0
SH2D2A,5
SH2D3A,4
SH2D3C,1
SH2D4A,4
SH3BGR,5
SH3BGRL,4
SH3BGRL2,0
SH3BGRL3,4
SH3BP1,4
SH3BP2,4
SH3BP5,0
SH3BP5-AS1,3
SH3D21,4
SH3GL1,4
SH3GL2,2
SH3GL3,4
SH3GLB2,1
SH3KBP1,0
SH3PXD2A,0
SH3RF1,0
SH3RF3-AS1,1
SHANK1,1
SHANK2,4
SHANK3,0
SHARPIN,4
SHB,4
SHC1,4
SHC2,4
SHCBP1,3
SHF,1
SHISA2,5
SHISA3,4
SHISA4,3
SHISA5,2
SHISA8,1
SHISAL1,2
SHISAL2B,1
SHKBP1,0
SHLD1,0
SHLD2P3,3
SHMT1,0
SHMT2,0
SHOC2,0
SHOX2,5
SHPK,3
SHPRH,4
SHROOM2,1
SHROOM3,0
SIAE,0
SIAH1,5
SIAH2,5
SIDT2,0
SIGIRR,4
SIK1,4
SIKE1,4
SIL1,2
SIM1,3
SIMC1P1,3
SIPA1,0
SIRT4,4
SIRT5,5
SIRT6,4
SIVA1,4
SIX1,5
SIX2,4
SIX3,5
SIX4,4
SIX5,0
SKA3,5
SKAP2,4
SKI,0
SKIC3,0
SKIDA1,4
SKIL,4
SKOR1,1
SLBP,5
SLC10A3,5
SLC10A4,4
SLC10A7,3
SLC12A2,4
SLC12A2-DT,5
SLC12A5,1
SLC12A6,4
SLC12A7,2
SLC12A8,1
SLC12A9,2
SLC13A3,4
SLC13A4,0
SLC15A2,3
SLC16A1,5
SLC16A1-AS1,5
SLC16A13,4
SLC16A14,1
SLC16A2,0
SLC16A4,3
SLC16A6,3
SLC16A7,0
SLC16A8,3
SLC16A9,2
SLC17A7,3
SLC18A2,0
SLC18B1,2
SLC19A1,0
SLC19A2,5
SLC19A3,1
SLC1A1,0
SLC1A3,0
SLC1A4,3
SLC20A2,2
SLC22A15,4
SLC22A17,0
SLC22A31,3
SLC23A2,4
SLC24A1,4
SLC24A2,3
SLC24A4,3
SLC25A1,2
SLC25A10,2
SLC25A11,4
SLC25A13,0
SLC25A15,0
SLC25A17,2
SLC25A18,4
SLC25A19,4
SLC25A20,5
SLC25A21,3
SLC25A21-AS1,4
SLC25A23,0
SLC25A24,4
SLC25A25,5
SLC25A25-AS1,5
SLC25A26,2
SLC25A27,3
SLC25A28,5
SLC25A29,5
SLC25A3,2
SLC25A30,4
SLC25A32,5
SLC25A35,0
SLC25A36,0
SLC25A37,5
SLC25A38,5
SLC25A39,2
SLC25A40,1
SLC25A44,4
SLC25A45,4
SLC25A46,0
SLC25A48,0
SLC25A5,0
SLC25A5-AS1,5
SLC25A51,1
SLC25A53,1
SLC26A1,4
SLC26A10P,4
SLC26A11,0
SLC26A6,4
SLC27A1,4
SLC27A2,2
SLC27A5,1
SLC27A6,5
SLC29A1,0
SLC29A2,5
SLC29A3,3
SLC29A4,0
SLC2A10,3
SLC2A12,2
SLC2A13,1
SLC2A3,4
SLC2A4,3
SLC2A4RG,0
SLC2A6,4
SLC2A8,0
SLC30A1,5
SLC30A10,3
SLC30A3,4
SLC30A4,4
SLC30A5,3
SLC30A6,4
SLC30A7,5
SLC30A9,4
SLC31A2,5
SLC33A1,3
SLC35A1,0
SLC35A2,0
SLC35A5,5
SLC35B1,0
SLC35B2,0
SLC35B3,5
SLC35D1,5
SLC35D3,4
SLC35E1,2
SLC35E2B,2
SLC35E3,1
SLC35E4,1
SLC35F1,4
SLC35F6,0
SLC35G1,1
SLC35G2,5
SLC36A4,0
SLC37A1,1
SLC37A2,5
SLC37A3,5
SLC37A4,0
SLC38A1,0
SLC38A10,2
SLC38A2,4
SLC38A3,4
SLC38A6,4
SLC39A1,0
SLC39A10,4
SLC39A14,0
SLC39A3,2
SLC39A4,3
SLC3A2,3
SLC40A1,3
SLC41A2,0
SLC41A3,0
SLC43A1,4
SLC44A1,0
SLC44A2,0
SLC44A3,0
SLC44A5,4
SLC45A3,0
SLC45A4,4
SLC47A1,0
SLC48A1,5
SLC49A3,4
SLC4A11,5
SLC4A1AP,0
SLC4A2,0
SLC4A3,3
SLC4A4,3
SLC4A5,0
SLC4A7,0
SLC4A8,4
SLC50A1,5
SLC52A2,2
SLC5A10,4
SLC5A2,4
SLC5A6,0
SLC66A1,4
SLC66A2,1
SLC66A3,4
SLC6A15,2
SLC6A16,3
SLC6A17,1
SLC6A4,3
SLC6A6,0
SLC6A9,0
SLC7A1,0
SLC7A11,4
SLC7A2,2
SLC7A3,0
SLC7A5,2
SLC7A5P1,1
SLC7A5P2,1
SLC7A8,0
SLC8A1,4
SLC9A1,4
SLC9A2,1
SLC9A3,1
SLC9A3-AS1,3
SLC9A5,5
SLC9A6,0
SLC9A7,0
SLC9A9,0
SLCO1A2,3
SLCO3A1,4
SLCO4A1,0
SLCO4A1-AS2,1
SLCO4C1,1
SLCO5A1,4
SLF1,4
SLF2,5
SLFN11,5
SLFN5,4
SLFNL1-AS1,3
SLIRP,4
SLIT1,2
SLIT3,2
SLITRK3,3
SLITRK5,2
SLMAP,0
SLTM,0
SLU7,5
SLX4,0
SLX4IP,3
SMAD1,5
SMAD2,5
SMAD3,4
SMAD4,5
SMAD5,4
SMAD6,4
SMAD7,5
SMAD9,0
SMAGP,5
SMAP1,0
SMARCA2,0
SMARCA4,0
SMARCAD1,5
SMARCAL1,0
SMARCC2,0
SMARCD1,0
SMARCD3,0
SMC1A,0
SMC4,0
SMCO4,0
SMCR8,4
SMG1,4
SMG1P1,1
SMG1P2,1
SMG1P3,3
SMG1P5,1
SMG1P7,5
SMG5,0
SMG6,2
SMG7,0
SMG8,5
SMG9,5
SMIM10,5
SMIM10L2A,2
SMIM10L2B,2
SMIM12,5
SMIM13,5
SMIM14,3
SMIM15,5
SMIM19,5
SMIM29,4
SMIM30,5
SMIM45,1
SMIM7,5
SMKR1,1
SMNDC1,5
SMO,2
SMOC1,4
SMOX,4
SMPD1,0
SMPD2,0
SMPD3,4
SMPD4,2
SMPD4BP,3
SMPDL3A,3
SMPDL3B,1
SMS,4
SMTNL2,4
SMU1,5
SMUG1,0
SMYD2,0
SMYD4,4
SMYD5,0
SNAI1,5
SNAI2,5
SNAI3,4
SNAI3-AS1,4
SNAP23,1
SNAP47,0
SNAP91,3
SNAPC1,5
SNAPC2,4
SNAPC3,5
SNAPC4,5
SNAPC5,1
SNCA,5
SNCAIP,4
SNCB,3
SNCG,1
SND1,4
SNED1,4
SNHG1,5
SNHG10,3
SNHG11,5
SNHG15,5
SNHG16,5
SNHG17,5
SNHG19,4
SNHG20,5
SNHG21,3
SNHG29,4
SNHG3,4
SNHG4,4
SNHG5,4
SNHG6,4
SNHG7,5
SNHG8,5
SNHG9,3
SNIP1,5
SNN,4
SNORA10,5
SNORA18,3
SNORA25,5
SNORA32,5
SNORA33,3
SNORA40,5
SNORA6,3
SNORA67,5
SNORA70,5
SNORA71C,5
SNORA73A,5
SNORA8,5
SNORD104,4
SNORD110,5
SNORD139,5
SNORD14A,4
SNORD17,0
SNORD18C,5
SNORD22,5
SNORD23,1
SNORD28,4
SNORD35B,5
SNORD36A,5
SNORD38B,5
SNORD44,4
SNORD55,1
SNORD74,3
SNORD78,1
SNORD80,4
SNORD83B,3
SNORD88B,3
SNORD96A,1
SNPH,0
SNRK,5
SNRNP200,0
SNRNP27,5
SNRNP35,5
SNRNP40,5
SNRNP70,4
SNRPA,4
SNRPB2,5
SNRPC,2
SNRPD1,5
SNRPD2,5
SNRPD3,5
SNRPE,5
SNRPF,5
SNRPG,1
SNTA1,0
SNTB1,4
SNTB2,0
SNTG2-AS1,1
SNUPN,5
SNW1,5
SNX10,4
SNX14,1
SNX16,5
SNX18,5
SNX21,1
SNX22,1
SNX29,0
SNX30,0
SNX4,1
SNX7,2
SOCS2,1
SOCS3,3
SOCS4,5
SOCS5,5
SOCS6,5
SOCS7,5
SOD2-OT1,4
SON,4
SORBS1,2
SORBS2,1
SORBS3,4
SORD,0
SORL1,2
SORT1,2
SOS1,0
SOS2,5
SOSTDC1,1
SOWAHA,2
SOWAHC,5
SOX12,4
SOX13,5
SOX15,1
SOX18,4
SOX2,5
SOX21,4
SOX4,5
SOX5,3
SOX6,4
SOX7,5
SOX8,4
SOX9,5
SP1,4
SP110,1
SP140L,3
SP2,3
SP2-AS1,4
SP4,5
SP6,1
SP8,4
SP9,5
SPACA6,4
SPACA9,4
SPAG1,1
SPAG16,5
SPAG4,3
SPAG5,0
SPAG7,0
SPARC,1
SPATA13,1
SPATA17,4
SPATA18,3
SPATA2,5
SPATA24,4
SPATA2L,0
SPATA3-AS1,4
SPATA31H1,3
SPATA33,4
SPATA41,5
SPATA6L,3
SPATA7,5
SPATS2,0
SPC24,4
SPC25,3
SPCS1,5
SPCS2,5
SPCS3,3
SPDL1,5
SPDYC,4
SPDYE1,3
SPDYE2,3
SPDYE3,4
SPDYE6,5
SPECC1,0
SPECC1L,4
SPEF2,3
SPEN-AS1,4
SPG11,0
SPG21,0
SPHK1,1
SPHK2,5
SPIB,5
SPICE1,1
SPIDR,4
SPIN2B,4
SPIN3,4
SPINK2,5
SPINK5,3
SPINT1,4
SPINT2,4
SPMIP4,5
SPMIP5,1
SPNS1,4
SPNS2,1
SPOCK1,0
SPOCK2,1
SPOCK3,0
SPON1,0
SPOP,0
SPOPL,5
SPOUT1,1
SPPL2A,4
SPPL2B,3
SPPL3,2
SPRED1,5
SPRED2,3
SPRED3,4
SPRING1,0
SPRN,5
SPRTN,5
SPRY1,5
SPRY2,5
SPRYD3,3
SPRYD4,5
SPRYD7,0
SPSB2,4
SPSB3,4
SPSB4,0
SPTAN1,0
SPTB,0
SPTBN1,0
SPTBN2,0
SPTBN4,3
SPTLC2,0
SPTSSA,5
SPTY2D1,5
SQLE,4
SQOR,4
SRA1,2
SRBD1,5
SRC,0
SRCAP,0
SRD5A3,2
SREBF1,0
SREBF2,2
SREK1,4
SRFBP1,5
SRGAP1,0
SRGAP2,4
SRGAP2B,4
SRGAP2D,4
SRI,4
SRM,2
SRP14,4
SRP14-DT,0
SRP19,3
SRP54,5
SRP68,3
SRPK3,3
SRPRA,3
SRPRB,3
SRPX,4
SRR,3
SRRD,5
SRRM1,5
SRRM2,0
SRRM3,0
SRRM5,5
SRRT,4
SRSF10,5
SRSF4,5
SRSF5,5
SRSF6,5
SRSF7,5
SRSF8,5
SRXN1,5
SS18L1,4
SS18L2,5
SSBP1,5
SSBP2,5
SSBP3,4
SSBP4,0
SSC4D,4
SSH2,5
SSH3,4
SSNA1,0
SSPN,4
SSPOP,0
SSR1,3
SSR2,3
SSR3,3
SSR4,5
SSR4P1,1
SSRP1,4
SSTR2,1
SSU72,2
ST13,4
ST13P4,4
ST20,5
ST20-AS1,5
ST3GAL1,5
ST3GAL3,4
ST3GAL4,5
ST3GAL5,0
ST3GAL6,1
ST6GALNAC2,3
ST6GALNAC4,3
ST6GALNAC5,1
ST6GALNAC6,5
ST7L,5
ST8SIA4,1
STAB2,3
STAC,4
STAC2,0
STAC3,4
STAG3,3
STAG3L3,3
STAG3L4,4
STAG3L5P-PVRIG2P-PILRB,5
STAM,0
STAM-DT,5
STAM2,5
STAMBP,5
STAMBPL1,0
STAP2,5
STARD13,4
STARD4,4
STARD4-AS1,3
STARD5,3
STARD7-AS1,3
STARD8,4
STARD9,4
STAT1,0
STAT2,0
STAT3,0
STAU1,0
STAU2,0
STC1,0
STEAP1,5
STEAP2,4
STEAP3,2
STIL,5
STIM1,2
STIMATE,0
STK10,0
STK11,4
STK17A,5
STK17B,4
STK25,0
STK31,1
STK32C,0
STK36,0
STK39,0
STK40,0
STMN3,0
STMND1,1
STMP1,0
STOML1,2
STON1,1
STON2,4
STOX2,3
STPG1,5
STRN3,5
STS,0
STT3A,3
STUB1,2
STUM,1
STX10,0
STX11,1
STX12,5
STX18,5
STX18-AS1,3
STX1A,1
STX3,0
STX4,0
STX5,3
STX6,5
STXBP2,4
STXBP3,5
STXBP5,5
STXBP5L,4
STXBP6,3
SUCO,5
SUFU,0
SUGCT,1
SUGP1,5
SULF1,4
SULF2,0
SULT1A1,2
SULT1C4,0
SULT4A1,5
SUMF1,0
SUMF2,2
SUMO1,5
SUMO2,5
SUOX,5
SUPT20H,5
SUPT4H1,5
SUPT7L,5
SUPV3L1,5
SURF1,1
SURF2,4
SURF4,3
SURF6,4
SUSD1,2
SUSD5,0
SUV39H1,5
SUV39H2,5
SV2A,4
SVBP,1
SVEP1,1
SVIL,0
SVIL-AS1,4
SWAP70,0
SWI5,5
SWSAP1,5
SWT1,1
SYBU,1
SYCE2,4
SYCP2,4
SYCP2L,4
SYDE1,1
SYDE2,4
SYF2,5
SYK,0
SYMPK,0
SYN1,0
SYN2,0
SYN3,4
SYNDIG1,0
SYNE1,0
SYNE2,0
SYNE3,0
SYNGR1,0
SYNGR2,4
SYNGR3,3
SYNJ1,4
SYNPO,1
SYPL1,5
SYS1,0
SYT1,4
SYT11,1
SYT13,0
SYT14,3
SYT15,1
SYT15B,4
SYT16,1
SYT17,4
SYT2,2
SYT3,3
SYT5,1
SYT6,3
SYT7,0
SYT9,3
SYTL2,4
SYTL3,1
SYTL4,4
SYTL5,4
SYVN1,3
SZRD1,2
SZT2,3
TAB1,0
TACC2,4
TACO1,4
TADA1,5
TADA2A,5
TADA2B,5
TADA3,0
TAF10,4
TAF12,5
TAF13,5
TAF1A,3
TAF1A-AS1,5
TAF1C,5
TAF1D,5
TAF2,0
TAF3,4
TAF4,0
TAF7,0
TAGLN,1
TAGLN2,4
TAL1,5
TALDO1,1
TAMALIN,0
TANC1,0
TANGO6,2
TANK,5
TAOK1,4
TAP2,1
TAPT1-AS1,1
TARBP1,0
TARDBP,0
TARS1,0
TARS2,0
TARS3,0
TAS1R3,4
TASOR2,4
TAX1BP1,2
TBC1D1,2
TBC1D10A,3
TBC1D14,0
TBC1D15,3
TBC1D16,0
TBC1D17,4
TBC1D2,5
TBC1D22A,0
TBC1D23,5
TBC1D24,0
TBC1D25,4
TBC1D30,5
TBC1D3L,1
TBC1D4,0
TBC1D5,0
TBC1D8B,4
TBC1D9,5
TBC1D9B,2
TBCA,5
TBCB,0
TBCC,5
TBCCD1,5
TBCD,0
TBCEL,5
TBCK,3
TBK1,5
TBKBP1,4
TBL1X,0
TBL2,4
TBP,5
TBPL1,5
TBRG1,0
TBX1,4
TBX18,5
TBX19,1
TBX2,4
TBX2-AS1,1
TBX20,1
TBX3,5
TBX6,5
TBXA2R,1
TBXAS1,3
TCEA2,4
TCEAL3,5
TCEAL8,3
TCEAL9,3
TCEANC,3
TCEANC2,4
TCF12,0
TCF19,2
TCF20,4
TCF24,2
TCF3,0
TCF7,0
TCF7L1,4
TCF7L2,5
TCFL5,0
TCIRG1,4
TCN2,1
TCOF1,2
TCP10L,2
TCP11L1,0
TCP11L2,1
TCTA,5
TCTN1,2
TCTN2,1
TDG,5
TDP2,5
TDRD3,5
TDRD6,1
TDRP,0
TEAD2,0
TEAD3,0
TEC,3
TECPR1,0
TECR,4
TECTA,5
TEDC1,5
TEDC2,0
TEDC2-AS1,3
TEF,5
TEFM,5
TEKT4P2,4
TEKTIP1,4
TELO2,0
TENM1,0
TENM3,0
TENM4,4
TENT2,5
TENT4A,5
TENT4B,5
TENT5A,5
TENT5B,3
TENT5C,5
TEP1,4
TEPSIN,4
TERF1P7,1
TERF2,5
TERF2IP,5
TERT,3
TESC,2
TESK1,4
TESK2,2
TESMIN,1
TET2,4
TEX14,1
TEX15,0
TEX19,3
TEX30,3
TEX9,1
TFAM,5
TFAP2A,5
TFAP2A-AS1,4
TFAP2C,5
TFAP4,5
TFB1M,5
TFB2M,5
TFCP2,0
TFCP2L1,0
TFDP1,2
TFE3,0
TFG,5
TFIP11,0
TFPI,4
TFPI2,1
TFRC,4
TGDS,5
TGFA,1
TGFB1,4
TGFB1I1,1
TGFB2,1
TGFB3,1
TGFBR2,3
TGFBR3,2
TGFBR3L,3
TGIF1,5
TGM1,5
TGM2,0
TGOLN2,2
TGS1,5
THADA,0
THAP1,3
THAP10,5
THAP11,5
THAP2,3
THAP5,3
THAP6,1
THAP7,5
THAP7-AS1,5
THAP8,1
THAP9,4
THAP9-AS1,3
THBS3,1
THBS4,4
THEM4,5
THEM6,2
THEMIS2,5
THG1L,0
THNSL1,5
THOC1,5
THOC2,4
THOC3,2
THOC7,0
THRA,0
THRAP3,5
THRIL,2
THSD1,5
THSD4,3
THUMPD1,5
THUMPD3,4
THUMPD3-AS1,5
TIA1,4
TIAL1,5
TIAM1,0
TIAM1-AS1,5
TIAM2,5
TICAM1,1
TICRR,5
TIFA,5
TIGAR,5
TIGD1,5
TIGD2,1
TIGD3,1
TIGD4,5
TIGD6,5
TIGD7,3
TIMELESS,4
TIMM10,5
TIMM10B,5
TIMM13,4
TIMM17A,5
TIMM17B,4
TIMM21,3
TIMM23,5
TIMM23B,3
TIMM29,4
TIMM8A,5
TIMM8B,5
TIMM9,5
TIMP1,0
TIMP2,2
TINCR,3
TINF2,5
TIPARP,5
TIPIN,5
TJAP1,5
TJP1,4
TK1,4
TK2,4
TKFC,0
TKT,4
TLCD1,4
TLCD5,1
TLDC2,0
TLE2,4
TLE4,5
TLE5,0
TLK2,5
TLL1,4
TLL2,4
TLN1,0
TLN2,0
TLNRD1,4
TLR5,3
TLR6,3
TLX3,5
TM2D1,5
TM2D2,5
TM2D3,5
TM6SF1,0
TM7SF2,0
TM7SF3,4
TM9SF1,3
TMA16,5
TMA7,5
TMBIM1,4
TMBIM4,4
TMC3-AS1,4
TMC5,3
TMC6,1
TMCC1,5
TMCC1-DT,1
TMCC2,4
TMCO1-AS1,1
TMCO4,2
TMCO6,5
TMED10,3
TMED10P1,1
TMED2,5
TMED5,0
TMED6,3
TMED7,3
TMED9,0
TMEFF1,4
TMEFF2,4
TMEM100,4
TMEM101,5
TMEM102,5
TMEM106B,5
TMEM107,4
TMEM11,5
TMEM116,5
TMEM117,1
TMEM120A,4
TMEM121,1
TMEM121B,3
TMEM126A,1
TMEM126B,5
TMEM127,1
TMEM128,1
TMEM129,2
TMEM131,2
TMEM132A,0
TMEM132E,4
TMEM134,5
TMEM138,5
TMEM140,4
TMEM141,1
TMEM145,3
TMEM147,4
TMEM147-AS1,1
TMEM14A,5
TMEM14B,1
TMEM150C,4
TMEM158,4
TMEM160,0
TMEM161B,1
TMEM161B-DT,4
TMEM163,3
TMEM165,2
TMEM167A,5
TMEM167B,5
TMEM169,5
TMEM17,0
TMEM170A,5
TMEM170B,4
TMEM171,3
TMEM175,0
TMEM177,5
TMEM179B,2
TMEM18,5
TMEM181,0
TMEM182,1
TMEM183A,4
TMEM183BP,4
TMEM185B,4
TMEM186,5
TMEM187,3
TMEM19,2
TMEM191A,3
TMEM192,5
TMEM198,1
TMEM198B,1
TMEM200C,3
TMEM203,5
TMEM205,5
TMEM208,5
TMEM214,3
TMEM216,5
TMEM217,5
TMEM218,5
TMEM219,4
TMEM220,1
TMEM221,4
TMEM223,1
TMEM229B,4
TMEM234,5
TMEM242,5
TMEM25,3
TMEM250,4
TMEM254-AS1,3
TMEM255A,2
TMEM256,4
TMEM258,5
TMEM259,4
TMEM260,0
TMEM263,3
TMEM265,5
TMEM266,0
TMEM267,5
TMEM30A,5
TMEM35A,4
TMEM35B,5
TMEM37,0
TMEM38A,0
TMEM38B,4
TMEM39A,3
TMEM39B,3
TMEM41A,5
TMEM41B,3
TMEM42,4
TMEM43,0
TMEM44,1
TMEM44-AS1,1
TMEM45A,3
TMEM50A,1
TMEM51,4
TMEM52,4
TMEM53,3
TMEM54,4
TMEM59L,1
TMEM60,2
TMEM63B,0
TMEM63C,4
TMEM64,1
TMEM67,5
TMEM68,5
TMEM70,5
TMEM74,1
TMEM74B,3
TMEM79,3
TMEM80,5
TMEM81,1
TMEM86A,4
TMEM86B,1
TMEM87A,5
TMEM8B,0
TMEM94,0
TMEM97,5
TMEM98,0
TMEM9B,2
TMEM9B-AS1,1
TMF1,3
TMOD1,1
TMOD2,4
TMPO-AS1,4
TMPPE,4
TMPRSS9,1
TMSB10,4
TMSB15A,1
TMT1A,4
TMT1B,1
TMTC1,2
TMTC2,5
TMTC4,0
TMUB1,4
TMUB2,5
TMX1,5
TMX4,2
TNC,2
TNFAIP1,0
TNFAIP2,4
TNFAIP3,5
TNFAIP8,5
TNFAIP8L1,4
TNFAIP8L3,1
TNFRSF11A,2
TNFRSF19,0
TNFRSF1A,5
TNFRSF25,4
TNFSF13,5
TNFSF4,4
TNFSF9,1
TNIK,0
TNIP2,2
TNK2,0
TNNI3,1
TNNT1,0
TNPO1,2
TNPO3,0
TNRC18,0
TNRC6A,0
TNRC6B,4
TNS1,0
TNS2,1
TNS2-AS1,4
TNS3,0
TOB2,5
TOB2P1,5
TOE1,5
TOGARAM1,3
TOLLIP,1
TOM1L1,0
TOMM20,2
TOMM34,2
TOMM40L,4
TOMM5,5
TOMM6,4
TOMM7,4
TOMM70,4
TOP1MT,0
TOP2B,0
TOP3A,4
TOP3B,4
TOP6BL,0
TOPORS,5
TOR1A,5
TOR1AIP2,5
TOR4A,1
TOX,1
TOX2,2
TOX3,5
TP53BP1,0
TP53I11,4
TP53I13,4
TP53INP2,3
TP53RK,5
TP53TG1,2
TP73,2
TPBG,3
TPGS1,4
TPGS2,4
TPI1P2,1
TPK1,1
TPM1,0
TPM2,5
TPM3,2
TPM3P9,0
TPMT,4
TPP1,2
TPPP,0
TPPP3,4
TPR,4
TPRA1,4
TPRG1L,4
TPRKB,5
TPRN,4
TPST1,3
TPST2,2
TPT1,0
TPT1-AS1,5
TPTE2P1,1
TPTEP1,4
TRA2A,5
TRA2B,5
TRABD,0
TRABD2A,5
TRABD2B,5
TRADD,4
TRAF1,5
TRAF3,2
TRAF3IP3,3
TRAF4,1
TRAF5,3
TRAF6,5
TRAF7,0
TRAFD1,5
TRAIP,5
TRAK2,4
TRAM1,3
TRAM1L1,5
TRAM2-AS1,1
TRAP1,0
TRAPPC1,4
TRAPPC10,0
TRAPPC12,4
TRAPPC13,5
TRAPPC14,3
TRAPPC2,5
TRAPPC2B,5
TRAPPC3,0
TRAPPC4,5
TRAPPC5,2
TRAPPC6A,1
TRAPPC8,0
TRAPPC9,0
TRERF1,0
TREX1,4
TREX2,1
TRG-AS1,1
TRHDE,4
TRHDE-AS1,4
TRIB1,5
TRIB3,4
TRIM11,5
TRIM13,5
TRIM16L,4
TRIM17,5
TRIM2,0
TRIM21,5
TRIM23,4
TRIM24,5
TRIM25,2
TRIM28,0
TRIM32,5
TRIM33,4
TRIM35,5
TRIM36,5
TRIM38,5
TRIM4,5
TRIM45,4
TRIM46,4
TRIM47,4
TRIM5,3
TRIM52,3
TRIM56,4
TRIM58,1
TRIM59,5
TRIM6,1
TRIM65,4
TRIM66,5
TRIM68,5
TRIM7,1
TRIM71,4
TRIO,0
TRIOBP,1
TRIP10,5
TRIP11,3
TRIP12,0
TRIP4,5
TRIP6,2
TRIQK,5
TRIT1,5
TRMO,4
TRMT1,4
TRMT10B,5
TRMT10C,5
TRMT11,5
TRMT112,5
TRMT13,5
TRMT1L,5
TRMT2A,4
TRMT2B,1
TRMT44,3
TRMT5,5
TRMT61A,5
TRMT61B,4
TRMT9B,4
TRNAU1AP,5
TRNP1,1
TRNT1,5
TROAP,5
TRPA1,0
TRPC1,5
TRPC3,1
TRPM4,4
TRPM6,5
TRPS1,5
TRPT1,3
TRPV1,5
TRPV4,1
TRRAP,2
TRUB1,4
TRUB2,5
TSACC,1
TSC2,0
TSC22D1,4
TSC22D1-AS1,4
TSC22D2,4
TSC22D3,5
TSC22D4,4
TSEN2,5
TSEN54,0
TSFM,5
TSG101,2
TSGA10,1
TSIX,3
TSKU,5
TSLP,3
TSNARE1,4
TSNAXIP1,3
TSPAN10,4
TSPAN11,1
TSPAN14,0
TSPAN17,2
TSPAN18,4
TSPAN2,4
TSPAN31,4
TSPAN33,2
TSPAN4,0
TSPAN5,4
TSPAN7,2
TSPAN9,0
TSPO,4
TSPYL2,3
TSPYL4,1
TSR3,4
TSSC4,4
TSSK3,5
TSSK4,3
TSSK6,3
TST,5
TSTD2,5
TSTD3,3
TTC1,5
TTC12,1
TTC13,2
TTC14,3
TTC21A,3
TTC28,0
TTC3,0
TTC31,1
TTC32,1
TTC33,5
TTC39A,4
TTC39B,1
TTC3P1,0
TTC4,1
TTC41P,5
TTC5,0
TTC7A,0
TTC7B,0
TTC8,5
TTC9C,5
TTF1,5
TTI1,5
TTI2,5
TTK,5
TTL,0
TTLL1,4
TTLL11,4
TTLL12,0
TTLL2,3
TTLL3,1
TTLL5,0
TTLL7,3
TTN,5
TTN-AS1,1
TTPA,4
TTPAL,5
TTYH2,2
TTYH3,0
TUBA1B,4
TUBA4A,1
TUBA8,1
TUBB1,4
TUBB2A,4
TUBB2B,0
TUBB3,2
TUBB4A,4
TUBB6,0
TUBBP5,4
TUBD1,5
TUBE1,5
TUBG2,5
TUBGCP2,2
TUBGCP4,0
TUBGCP5,1
TUBGCP6,4
TUFM,2
TUFT1,5
TULP4,5
TUSC1,4
TUSC3,0
TUT1,4
TVP23B,3
TVP23C,3
TWF1,5
TWIST1,5
TWIST2,4
TWNK,5
TXLNA,5
TXLNG,4
TXN,0
TXNDC11,3
TXNDC12,2
TXNDC15,3
TXNDC16,0
TXNDC17,5
TXNDC5,4
TXNDC9,5
TXNIP,5
TXNL1,5
TXNL4A,2
TXNRD2,4
TXNRD3,0
TYK2,0
TYMP,5
TYRO3,0
TYSND1,0
TYW1,5
TYW1B,3
TYW5,3
U2AF1,3
U2AF1L4,5
U2SURP,5
UACA,2
UAP1,3
UBA1,2
UBA52,0
UBA6-DT,5
UBA7,5
UBAC1,2
UBAC2,0
UBAC2-AS1,5
UBALD1,3
UBALD2,4
UBAP2L,0
UBASH3B,0
UBB,5
UBE2A,5
UBE2C,5
UBE2D1,5
UBE2D4,0
UBE2I,0
UBE2J1,4
UBE2J2,4
UBE2L6,1
UBE2M,4
UBE2N,5
UBE2O,0
UBE2Q1,0
UBE2Q2,5
UBE2Q2P1,1
UBE2QL1,1
UBE2R2,0
UBE2S,5
UBE2T,1
UBE2V1,3
UBE2W,5
UBE2Z,5
UBE3A,0
UBE3B,0
UBE3C,0
UBE4B,0
UBIAD1,5
UBL4A,2
UBL5,5
UBL7-DT,4
UBLCP1,5
UBN1,4
UBN2,3
UBOX5,3
UBQLN1,0
UBQLN1-AS1,3
UBQLN2,0
UBR4,0
UBR5,0
UBTD1,0
UBXN1,0
UBXN11,4
UBXN2A,5
UBXN4,3
UBXN7,4
UBXN8,5
UCHL1,0
UCHL5,5
UCK2,5
UCKL1,4
UCKL1-AS1,4
UCP2,2
UCP3,4
UFL1,3
UFM1,3
UFSP1,1
UFSP2,5
UGCG,5
UGDH,3
UGDH-AS1,3
UGT3A2,4
UHMK1,5
UHRF1,0
UHRF2,5
ULBP1,1
ULBP2,5
ULBP3,3
ULK4,1
UMPS,5
UNC119,5
UNC13B,0
UNC45A,2
UNC50,5
UNC5A,1
UNC5B,0
UNCX,5
UNG,4
UNKL,3
UPF3B,5
UPP1,5
UPRT,5
UQCC3,1
UQCC4,4
UQCC5,5
UQCC6,1
UQCR10,5
UQCR11,5
UQCRB,5
UQCRBP1,1
UQCRC1,2
UQCRC2,0
UQCRQ,1
URB1-AS1,1
URB2,4
URGCP,5
URM1,0
UROS,2
USB1,0
USE1,0
USF1,0
USF2,2
USF3,0
USH1C,0
USH1G,3
USO1,3
USP1,5
USP11,0
USP12,5
USP13,2
USP15,4
USP18,5
USP2,5
USP2-AS1,1
USP20,0
USP22,0
USP24,0
USP28,0
USP30,4
USP33,0
USP34,0
USP35,3
USP36,5
USP37,4
USP38,0
USP39,0
USP4,0
USP42,4
USP43,1
USP45,5
USP5,0
USP51,5
USP53,5
USP6,4
USP6NL,0
USP9X,2
UTF1,1
UTP11,5
UTP14A,5
UTP14C,4
UTP15,5
UTP20,0
UTP23,5
UTP25,5
UTP3,4
UTP4,5
UTP6,5
UTRN,0
UTS2R,3
UVRAG,0
UVSSA,4
UXS1,1
VAC14,2
VAMP1,5
VAMP2,4
VANGL1,4
VANGL2,0
VAPA,5
VASH1,0
VASH1-AS1,4
VASH2,0
VAT1,2
VAV1,4
VAV2,0
VAV3,4
VAX1,1
VAX2,1
VCAN,0
VCF1,5
VCL,0
VCPIP1,5
VCPKMT,5
VDAC2,0
VEGFA,5
VEGFB,0
VEGFC,5
VEZF1,5
VGLL2,0
VGLL3,0
VHL,5
VILL,1
VIM,0
VIM-AS1,1
VIPAS39,3
VIPR1,1
VIRMA,0
VKORC1L1,5
VLDLR,0
VMA21,5
VMAC,4
VMP1,4
VOPP1,2
VPS11,0
VPS13A,4
VPS13B,0
VPS13C,4
VPS16,0
VPS18,0
VPS26B,0
VPS28,0
VPS29,5
VPS37A,5
VPS37B,1
VPS37C,5
VPS37D,4
VPS39,0
VPS45,5
VPS4B,5
VPS51,2
VPS53,0
VPS72,5
VPS9D1-AS1,4
VRK1,5
VRK2,5
VSIG10,2
VSIG10L,1
VSIR,3
VSNL1,1
VSTM2L,1
VSTM4,4
VTI1A,0
VTI1B,0
VWA1,4
VWA5B2,4
VWA8,4
VWDE,3
WAC-AS1,0
WARS1,2
WARS2,5
WASH2P,3
WASH3P,4
WASH7P,4
WASHC1,1
WASHC2C,4
WASHC5,0
WASIR2,5
WASL,5
WBP1,3
WBP11,0
WBP1L,2
WBP4,5
WDCP,5
WDFY3,0
WDFY3-AS2,0
WDPCP,3
WDR1,0
WDR11,4
WDR13,0
WDR17,0
WDR18,4
WDR19,0
WDR20,5
WDR24,4
WDR25,4
WDR27,3
WDR36,5
WDR37,5
WDR43,5
WDR44,5
WDR45,5
WDR53,5
WDR54,0
WDR55,0
WDR5B,5
WDR7,0
WDR73,5
WDR74,5
WDR75,4
WDR76,5
WDR81,0
WDR82,4
WDR83,3
WDR86,4
WDR89,3
WDR90,5
WDSUB1,5
WDTC1,0
WEE1,5
WFS1,3
WHAMM,4
WHAMMP3,4
WIPF2,5
WIPF3,1
WIPI1,1
WIPI2,0
WIZ,2
WLS,2
WNK1,0
WNK2,2
WNK3,4
WNK4,5
WNT10B,4
WNT11,1
WNT2B,3
WNT3A,0
WNT5A,0
WNT9A,1
WRAP53,0
WRAP73,0
WRN,5
WRNIP1,2
WSB2,0
WSCD1,0
WT1,5
WTAP,5
WTIP,4
WWC1,0
WWC2,0
WWOX,4
WWTR1,2
XAB2,5
XBP1,3
XIAP,3
XIST,3
XK,0
XKR6,3
XKRX,1
XNDC1N,5
XPA,1
XPNPEP1,4
XPNPEP3,0
XPO1,0
XPO4,0
XPO5,0
XPO7,0
XPOT,0
XRCC1,0
XRCC2,5
XRCC6,0
XRN2,2
XRRA1,3
XXYLT1,0
XYLT1,0
XYLT2,5
YAE1,5
YAP1,2
YARS1,4
YBEY,5
YBX1,4
YBX3,0
YBX3P1,0
YDJC,4
YEATS4,5
YIF1A,2
YIF1B,4
YIPF5,3
YIPF6,5
YJEFN3,4
YJU2,0
YJU2B,5
YLPM1,0
YME1L1,0
YOD1,5
YPEL1,0
YPEL2,4
YPEL3,4
YRDC,5
YTHDC2,4
YTHDF1,4
YTHDF2,5
YTHDF3,5
YWHAEP1,4
YWHAQ,2
YY1,5
YY1AP1,5
YY2,0
ZBED3,0
ZBED3-AS1,4
ZBED5,5
ZBED5-AS1,1
ZBED6,3
ZBTB1,5
ZBTB11,5
ZBTB11-AS1,4
ZBTB14,5
ZBTB16,4
ZBTB18,4
ZBTB20,3
ZBTB21,5
ZBTB24,5
ZBTB25,3
ZBTB26,3
ZBTB3,5
ZBTB33,0
ZBTB34,5
ZBTB37,5
ZBTB38,4
ZBTB39,4
ZBTB4,3
ZBTB40,4
ZBTB41,5
ZBTB42,4
ZBTB43,5
ZBTB45,3
ZBTB46,4
ZBTB47,1
ZBTB48,3
ZBTB49,5
ZBTB5,5
ZBTB6,5
ZBTB7A,5
ZBTB7B,4
ZBTB8A,3
ZBTB8B,5
ZC2HC1A,1
ZC2HC1C,4
ZC3H10,5
ZC3H11C,1
ZC3H12A,3
ZC3H12C,3
ZC3H15,5
ZC3H3,4
ZC3H4,4
ZC3H6,3
ZC3H7B,0
ZC3H8,5
ZC3HC1,4
ZCCHC10,5
ZCCHC12,0
ZCCHC14,0
ZCCHC18,1
ZCCHC24,0
ZCCHC4,5
ZCCHC7,5
ZCCHC8,5
ZCCHC9,5
ZCWPW1,4
ZDBF2,4
ZDHHC1,5
ZDHHC11,5
ZDHHC11B,3
ZDHHC12,0
ZDHHC12-DT,4
ZDHHC13,5
ZDHHC16,2
ZDHHC17,3
ZDHHC18,0
ZDHHC2,0
ZDHHC20,0
ZDHHC21,4
ZDHHC22,1
ZDHHC23,5
ZDHHC24,1
ZDHHC5,4
ZDHHC7,0
ZDHHC8,4
ZDHHC9,2
ZEB1-AS1,5
ZEB2,4
ZER1,0
ZFAND2A,5
ZFAND2A-DT,5
ZFAND3,0
ZFAND4,1
ZFAND5,5
ZFAND6,5
ZFAS1,5
ZFAT,0
ZFC3H1,4
ZFHX2,4
ZFHX4,4
ZFP1,5
ZFP14,1
ZFP2,1
ZFP28,1
ZFP30,5
ZFP36,3
ZFP36L1,5
ZFP36L2,5
ZFP37,5
ZFP62,5
ZFP69,5
ZFP69B,5
ZFP82,1
ZFP90,5
ZFPL1,4
ZFPM1,0
ZFPM2,5
ZFTA,0
ZFTRAF1,4
ZFX,5
ZFYVE1,5
ZFYVE21,5
ZFYVE27,4
ZFYVE28,5
ZGLP1,3
ZGPAT,4
ZGRF1,5
ZIC1,5
ZIC2,5
ZIC3,5
ZIC5,5
ZIK1,5
ZKSCAN1,5
ZKSCAN2,5
ZKSCAN3,4
ZKSCAN4,5
ZKSCAN5,5
ZKSCAN8,5
ZKSCAN8P1,1
ZMAT5,0
ZMIZ1,0
ZMIZ2,0
ZMYM1,5
ZMYM5,5
ZMYM6,3
ZMYND10,5
ZMYND11,5
ZMYND8,5
ZNF10,5
ZNF101,5
ZNF106,0
ZNF107,5
ZNF112,5
ZNF114,1
ZNF117,4
ZNF12,4
ZNF121,5
ZNF124,4
ZNF131,5
ZNF132,1
ZNF133,5
ZNF134,5
ZNF136,5
ZNF137P,3
ZNF138,5
ZNF14,5
ZNF140,5
ZNF142,4
ZNF143,5
ZNF146,5
ZNF148,5
ZNF155,5
ZNF157,5
ZNF16,5
ZNF160,1
ZNF165,3
ZNF169,3
ZNF17,5
ZNF174,5
ZNF175,5
ZNF18,5
ZNF180,5
ZNF181,5
ZNF182,5
ZNF184,3
ZNF185,0
ZNF189,5
ZNF19,5
ZNF195,5
ZNF197,5
ZNF2,5
ZNF200,4
ZNF202,5
ZNF204P,4
ZNF205,4
ZNF211,3
ZNF212,5
ZNF213,3
ZNF213-AS1,4
ZNF214,5
ZNF215,4
ZNF217,5
ZNF219,4
ZNF22,5
ZNF22-AS1,1
ZNF221,3
ZNF222,3
ZNF223,5
ZNF224,5
ZNF225,3
ZNF225-AS1,3
ZNF226,5
ZNF227,5
ZNF23,3
ZNF230,5
ZNF232,5
ZNF232-AS1,3
ZNF233,5
ZNF234,5
ZNF235,5
ZNF239,5
ZNF24,5
ZNF248,3
ZNF25,3
ZNF250,1
ZNF252P,1
ZNF254,5
ZNF256,5
ZNF26,3
ZNF260,5
ZNF263,5
ZNF264,5
ZNF266,5
ZNF267,5
ZNF268,4
ZNF273,4
ZNF274,5
ZNF275,4
ZNF277,1
ZNF28,5
ZNF280C,5
ZNF280D,5
ZNF281,4
ZNF282,4
ZNF283,3
ZNF284,1
ZNF285,1
ZNF286A,3
ZNF286B,1
ZNF287,4
ZNF292,5
ZNF296,1
ZNF3,5
ZNF30,5
ZNF300,5
ZNF302,5
ZNF304,5
ZNF316,4
ZNF317,5
ZNF319,1
ZNF32,1
ZNF320,3
ZNF322,5
ZNF324,5
ZNF324B,5
ZNF326,5
ZNF329,5
ZNF331,5
ZNF333,3
ZNF335,0
ZNF337,5
ZNF33A,3
ZNF33B,5
ZNF34,1
ZNF341,5
ZNF343,5
ZNF345,3
ZNF35,5
ZNF350,4
ZNF354A,1
ZNF354B,1
ZNF354C,0
ZNF358,0
ZNF365,1
ZNF367,4
ZNF37A,3
ZNF37BP,4
ZNF382,4
ZNF383,5
ZNF384,5
ZNF385C,4
ZNF391,5
ZNF394,5
ZNF395,0
ZNF396,3
ZNF397,5
ZNF398,5
ZNF404,0
ZNF407,2
ZNF407-AS1,4
ZNF408,5
ZNF41,5
ZNF410,5
ZNF414,4
ZNF416,5
ZNF417,3
ZNF419,5
ZNF420,5
ZNF423,0
ZNF425,3
ZNF426,5
ZNF428,5
ZNF429,3
ZNF430,5
ZNF431,3
ZNF432,5
ZNF433,1
ZNF436,5
ZNF436-AS1,4
ZNF438,5
ZNF44,3
ZNF440,5
ZNF441,5
ZNF443,5
ZNF444,3
ZNF445,4
ZNF446,3
ZNF449,3
ZNF45,2
ZNF451,5
ZNF460,5
ZNF461,5
ZNF462,4
ZNF467,4
ZNF468,3
ZNF470,1
ZNF471,4
ZNF473,5
ZNF48,5
ZNF480,5
ZNF483,4
ZNF484,3
ZNF485,5
ZNF490,3
ZNF493,3
ZNF497,3
ZNF500,5
ZNF501,3
ZNF502,1
ZNF503,5
ZNF503-AS2,5
ZNF506,5
ZNF507,5
ZNF510,3
ZNF512,4
ZNF513,4
ZNF514,5
ZNF516,0
ZNF516-AS1,0
ZNF517,5
ZNF518A,5
ZNF518B,5
ZNF519,5
ZNF524,1
ZNF525,3
ZNF526,5
ZNF527,5
ZNF529,5
ZNF529-AS1,5
ZNF530,5
ZNF532,0
ZNF536,0
ZNF540,3
ZNF543,5
ZNF544,4
ZNF546,5
ZNF547,3
ZNF548,5
ZNF549,5
ZNF550,3
ZNF551,5
ZNF552,5
ZNF554,5
ZNF555,5
ZNF557,5
ZNF559,5
ZNF561,5
ZNF561-AS1,3
ZNF562,5
ZNF563,1
ZNF564,3
ZNF565,5
ZNF566,5
ZNF566-AS1,4
ZNF567,5
ZNF567-DT,1
ZNF568,5
ZNF569,1
ZNF57,5
ZNF570,5
ZNF571,5
ZNF572,5
ZNF573,3
ZNF574,5
ZNF576,5
ZNF577,3
ZNF579,5
ZNF580,1
ZNF581,5
ZNF582,5
ZNF582-DT,1
ZNF583,5
ZNF584,5
ZNF585A,5
ZNF585B,3
ZNF586,3
ZNF587,3
ZNF587B,5
ZNF589,5
ZNF593,5
ZNF594,5
ZNF595,5
ZNF596,3
ZNF597,5
ZNF598,0
ZNF599,2
ZNF605,3
ZNF606,3
ZNF607,5
ZNF608,4
ZNF609,0
ZNF611,4
ZNF613,5
ZNF614,5
ZNF615,5
ZNF616,3
ZNF618,0
ZNF619,5
ZNF620,5
ZNF621,5
ZNF622,3
ZNF623,1
ZNF624,3
ZNF627,5
ZNF628,5
ZNF629,4
ZNF630,3
ZNF639,5
ZNF641,1
ZNF644,5
ZNF646,4
ZNF649,5
ZNF652,5
ZNF653,4
ZNF654,5
ZNF655,5
ZNF658,5
ZNF658B,5
ZNF664,0
ZNF668,5
ZNF670,5
ZNF672,4
ZNF674,5
ZNF674-AS1,5
ZNF675,5
ZNF678,4
ZNF680,1
ZNF681,5
ZNF684,5
ZNF687,5
ZNF688,1
ZNF689,5
ZNF691,5
ZNF692,5
ZNF695,5
ZNF696,5
ZNF697,3
ZNF699,5
ZNF7,5
ZNF70,5
ZNF700,3
ZNF701,5
ZNF703,4
ZNF704,0
ZNF706,5
ZNF708,5
ZNF709,5
ZNF71,5
ZNF710,0
ZNF711,5
ZNF713,5
ZNF714,5
ZNF717,5
ZNF721,5
ZNF724,5
ZNF736,5
ZNF737,1
ZNF738,5
ZNF74,5
ZNF740,5
ZNF746,5
ZNF747,1
ZNF749,5
ZNF75A,5
ZNF75D,4
ZNF761,3
ZNF764,5
ZNF765,5
ZNF766,5
ZNF767P,5
ZNF768,4
ZNF77,5
ZNF770,5
ZNF771,4
ZNF772,5
ZNF773,3
ZNF774,1
ZNF775,4
ZNF776,5
ZNF777,5
ZNF778,4
ZNF780A,3
ZNF780B,3
ZNF782,5
ZNF783,5
ZNF784,5
ZNF785,3
ZNF786,5
ZNF787,5
ZNF789,3
ZNF79,5
ZNF790,5
ZNF791,5
ZNF792,5
ZNF793,1
ZNF799,5
ZNF8,3
ZNF800,5
ZNF804A,5
ZNF805,5
ZNF808,1
ZNF81,4
ZNF813,3
ZNF814,5
ZNF816,5
ZNF821,3
ZNF823,5
ZNF827,5
ZNF829,5
ZNF830,5
ZNF833P,4
ZNF836,3
ZNF837,1
ZNF839,4
ZNF84,5
ZNF841,3
ZNF845,3
ZNF846,5
ZNF850,5
ZNF852,1
ZNF853,0
ZNF862,3
ZNF865,5
ZNF879,5
ZNF883,1
ZNF888,5
ZNF891,3
ZNF91,3
ZNF92,5
ZNG1C,1
ZNG1F,5
ZNHIT2,5
ZNHIT6,4
ZNRD2-DT,3
ZNRF1,1
ZNRF2P1,4
ZNRF3,5
ZP3,1
ZRANB1,0
ZRANB2,5
ZRANB2-AS1,5
ZRSR2,4
ZSCAN12,5
ZSCAN12P1,3
ZSCAN16,5
ZSCAN16-AS1,3
ZSCAN18,1
ZSCAN2,5
ZSCAN20,5
ZSCAN21,5
ZSCAN22,5
ZSCAN23,3
ZSCAN25,5
ZSCAN26,3
ZSCAN29,5
ZSCAN30,3
ZSCAN31,5
ZSCAN5A,5
ZSCAN9,5
ZSWIM1,5
ZSWIM3,5
ZSWIM4,4
ZSWIM6,5
ZSWIM7,1
ZSWIM8,4
ZSWIM9,0
ZUP1,5
ZW10,0
ZXDA,1
ZXDB,4
ZXDC,4
ZYG11B,4
ZYX,0
ZZEF1,0
ZZZ3,5
